Company,Staff ID,Department,Service Year Date,Date Join,Last Day,Resignation Reason,is_attrited,left_2026,company_tenure_years,group_tenure_years,tenure_at_exit_years,is_transfer,pre_transfer_years,exit_month,tenure_band,reason_category
Apex Manufacturing,S10001,Engineering,2019-05-15,2019-05-15,,,False,False,7.093771389459275,7.093771389459275,,False,0.0,,5-10y,(active)
Apex Manufacturing,S10003,R&D,2023-11-15,2023-11-15,,,False,False,2.5900068446269677,2.5900068446269677,,False,0.0,,2-3y,(active)
Apex Retail,S10004,R&D,2018-11-27,2018-11-27,,,False,False,7.5564681724846,7.5564681724846,,False,0.0,,5-10y,(active)
Apex Manufacturing,S10012,Operations,2016-02-27,2016-02-27,,,False,False,10.30527036276523,10.30527036276523,,False,0.0,,10y+,(active)
Apex Digital,S10022,Customer Service,2023-11-04,2023-11-04,2026-06-17,wanted higher salary,True,True,2.617385352498289,2.617385352498289,2.617385352498289,False,0.0,6.0,2-3y,Compensation
Apex Manufacturing,S10023,Operations,2022-06-23,2022-06-23,,,False,False,3.9863107460643397,3.9863107460643397,,False,0.0,,3-5y,(active)
Apex Retail,S10026,Finance,2017-05-29,2017-05-29,,,False,False,9.05407255304586,9.05407255304586,,False,0.0,,5-10y,(active)
Apex Digital,S10028,Sales,2024-04-15,2025-09-01,2026-01-27,  culture not a fit .,True,True,0.405201916495551,1.78507871321013,0.405201916495551,True,1.379876796714579,1.0,<1y,Management/Culture
Apex Logistics,S10029,Marketing,2022-12-16,2022-12-16,,,False,False,3.5044490075290895,3.5044490075290895,,False,0.0,,3-5y,(active)
Apex Manufacturing,S10039,R&D,2024-03-03,2024-03-03,2026-04-01,offer i couldnt refuse,True,True,2.078028747433265,2.078028747433265,2.078028747433265,False,0.0,4.0,2-3y,Better Opportunity
Apex Retail,S10040,Engineering,2021-08-16,2021-08-16,,,False,False,4.837782340862423,4.837782340862423,,False,0.0,,3-5y,(active)
Apex Manufacturing,S10041,HR,2023-07-04,2025-06-17,2026-06-17,RELOCATING TO ANOTHER CITY,True,True,0.999315537303217,2.954140999315537,0.999315537303217,True,1.9548254620123204,6.0,<1y,Relocation
Apex Manufacturing,S10042,R&D,2022-12-05,2022-12-05,,,False,False,3.5345653661875427,3.5345653661875427,,False,0.0,,3-5y,(active)
Apex Manufacturing,S10046,Operations,2024-06-16,2024-06-16,2026-06-17,full time studies,True,True,2.001368925393566,2.001368925393566,2.001368925393566,False,0.0,6.0,2-3y,Further Study
Apex Retail,S10047,Engineering,2019-06-04,2019-06-04,,,False,False,7.039014373716633,7.039014373716633,,False,0.0,,5-10y,(active)
Apex Digital,S10048,Operations,2023-05-26,2023-05-26,2026-01-13,no advancement opportunities,True,True,2.6365503080082138,2.6365503080082138,2.6365503080082138,False,0.0,1.0,2-3y,Career Growth
Apex Digital,S10050,Sales,2023-04-06,2026-05-18,,,False,False,0.08487337440109514,3.2005475701574264,,True,3.1156741957563314,,<1y,(active)
Apex Retail,S10051,Operations,2023-12-02,2024-11-19,2026-06-17,"  maternity, did not return .",True,True,1.5742642026009583,2.54072553045859,1.5742642026009583,True,0.9664613278576317,6.0,1-2y,Personal/Health
Apex Retail,S10052,Operations,2012-11-21,2015-07-04,,,False,False,10.956878850102669,13.571526351813826,,True,2.614647501711157,,10y+,(active)
Apex Manufacturing,S10053,Customer Service,2014-11-23,2014-11-23,,,False,False,11.567419575633128,11.567419575633128,,False,0.0,,10y+,(active)
Apex Retail,S10055,Operations,2022-05-19,2023-10-27,2026-01-17,  culture not a fit .,True,True,2.2258726899383983,3.6659822039698837,2.2258726899383983,True,1.4401095140314852,1.0,2-3y,Management/Culture
Apex Logistics,S10060,Engineering,2017-09-29,2017-09-29,,,False,False,8.71731690622861,8.71731690622861,,False,0.0,,5-10y,(active)
Apex Retail,S10061,Finance,2021-10-09,2021-10-09,,,False,False,4.689938398357289,4.689938398357289,,False,0.0,,3-5y,(active)
Apex Logistics,S10063,Engineering,2022-12-01,2022-12-01,,,False,False,3.5455167693360714,3.5455167693360714,,False,0.0,,3-5y,(active)
Apex Digital,S10066,R&D,2022-09-05,2022-09-05,,,False,False,3.783709787816564,3.783709787816564,,False,0.0,,3-5y,(active)
Apex Digital,S10068,Engineering,2023-04-14,2023-04-14,,,False,False,3.1786447638603694,3.1786447638603694,,False,0.0,,3-5y,(active)
Apex Logistics,S10070,Engineering,2015-07-05,2015-07-05,,,False,False,10.954140999315538,10.954140999315538,,False,0.0,,10y+,(active)
Apex Logistics,S10072,Customer Service,2023-06-01,2023-06-01,,,False,False,3.047227926078029,3.047227926078029,,False,0.0,,3-5y,(active)
Apex Retail,S10074,Operations,2019-01-16,2019-08-15,,,False,False,6.841889117043121,7.4195756331279945,,True,0.5776865160848734,,5-10y,(active)
Apex Logistics,S10076,Customer Service,2023-12-31,2023-12-31,,,False,False,2.4640657084188913,2.4640657084188913,,False,0.0,,2-3y,(active)
Apex Manufacturing,S10082,Engineering,2021-12-15,2023-11-08,,,False,False,2.6091718001368926,4.506502395619439,,True,1.8973305954825461,,2-3y,(active)
Apex Retail,S10083,Operations,2023-06-03,2023-06-03,,,False,False,3.0417522245037647,3.0417522245037647,,False,0.0,,3-5y,(active)
Apex Manufacturing,S10084,Finance,2019-08-16,2019-08-16,,,False,False,6.839151266255989,6.839151266255989,,False,0.0,,5-10y,(active)
Apex Manufacturing,S10085,Operations,2019-01-28,2019-01-28,,,False,False,7.38672142368241,7.38672142368241,,False,0.0,,5-10y,(active)
Apex Digital,S10086,Sales,2019-09-23,2022-03-26,,,False,False,4.229979466119096,6.7351129363449695,,True,2.5051334702258727,,3-5y,(active)
Apex Retail,S10087,Finance,2019-07-31,2019-07-31,,,False,False,6.882956878850103,6.882956878850103,,False,0.0,,5-10y,(active)
Apex Retail,S10092,Marketing,2022-10-23,2025-01-11,2026-02-07,culture not a fit,True,True,1.0732375085557837,3.293634496919918,1.0732375085557837,True,2.220396988364134,2.0,1-2y,Management/Culture
Apex Logistics,S10093,Operations,2024-11-14,2025-05-28,2026-02-02,medical leave then left,True,True,0.6844626967830253,1.218343600273785,0.6844626967830253,True,0.5338809034907598,2.0,<1y,Personal/Health
Apex Manufacturing,S10099,Customer Service,2021-07-09,2024-09-20,2026-04-07,moving to a bigger company,True,True,1.5441478439425051,4.744695414099931,1.5441478439425051,True,3.2005475701574264,4.0,1-2y,Relocation
Apex Logistics,S10106,Customer Service,2025-06-10,2025-06-10,2026-06-17,new role at competitor,True,True,1.0184804928131417,1.0184804928131417,1.0184804928131417,False,0.0,6.0,1-2y,Better Opportunity
Apex Retail,S10108,Marketing,2017-07-28,2017-07-28,,,False,False,8.889801505817934,8.889801505817934,,False,0.0,,5-10y,(active)
Apex Logistics,S10114,Sales,2014-07-28,2014-07-28,,,False,False,11.890485968514716,11.890485968514716,,False,0.0,,10y+,(active)
Apex Digital,S10116,R&D,2024-09-28,2025-05-23,2026-06-17,moving to a bigger company,True,True,1.0677618069815196,1.7166324435318274,1.0677618069815196,True,0.648870636550308,6.0,1-2y,Relocation
Apex Manufacturing,S10123,Finance,2020-04-01,2020-04-01,,,False,False,6.2121834360027375,6.2121834360027375,,False,0.0,,5-10y,(active)
Apex Manufacturing,S10124,R&D,2023-01-31,2023-01-31,,,False,False,3.378507871321013,3.378507871321013,,False,0.0,,3-5y,(active)
Apex Manufacturing,S10125,Marketing,2019-01-26,2020-10-05,,,False,False,5.700205338809035,7.392197125256674,,True,1.6919917864476386,,5-10y,(active)
Apex Retail,S10126,Customer Service,2022-11-11,2026-02-23,,,False,False,0.31485284052019163,3.600273785078713,,True,3.2854209445585214,,<1y,(active)
Apex Retail,S10127,Operations,2025-10-25,2025-10-25,,,False,False,0.6461327857631759,0.6461327857631759,,False,0.0,,<1y,(active)
Apex Logistics,S10131,Engineering,2022-04-08,2022-04-08,,,False,False,4.1943874058863795,4.1943874058863795,,False,0.0,,3-5y,(active)
Apex Logistics,S10132,Finance,2019-01-29,2019-01-29,,,False,False,7.383983572895278,7.383983572895278,,False,0.0,,5-10y,(active)
Apex Manufacturing,S10135,Engineering,2022-02-18,2022-02-18,,,False,False,4.328542094455853,4.328542094455853,,False,0.0,,3-5y,(active)
Apex Logistics,S10137,Engineering,2024-06-15,2024-06-15,2026-06-17,  personal reasons .,True,True,2.004106776180698,2.004106776180698,2.004106776180698,False,0.0,6.0,2-3y,Personal/Health
Apex Manufacturing,S10138,Sales,2024-02-14,2024-02-14,2026-03-14,offer i couldnt refuse,True,True,2.078028747433265,2.078028747433265,2.078028747433265,False,0.0,3.0,2-3y,Better Opportunity
Apex Retail,S10139,Engineering,2020-03-04,2020-03-04,,,False,False,6.288843258042436,6.288843258042436,,False,0.0,,5-10y,(active)
Apex Manufacturing,S10141,Customer Service,2023-04-14,2025-10-16,,,False,False,0.6707734428473648,3.1786447638603694,,True,2.507871321013005,,<1y,(active)
Apex Retail,S10143,Operations,2023-03-22,2024-11-03,2026-05-20,,True,True,1.541409993155373,3.162217659137577,1.541409993155373,True,1.620807665982204,5.0,1-2y,Unknown
Apex Digital,S10144,R&D,2020-09-10,2023-09-26,,,False,False,2.726899383983573,5.768651608487337,,True,3.0417522245037647,,2-3y,(active)
Apex Retail,S10148,Operations,2016-08-20,2016-08-20,,,False,False,9.826146475017111,9.826146475017111,,False,0.0,,5-10y,(active)
Apex Retail,S10150,Engineering,2019-05-04,2020-07-23,,,False,False,5.90280629705681,7.123887748117728,,True,1.2210814510609171,,5-10y,(active)
Apex Logistics,S10156,Engineering,2024-06-13,2025-04-01,,,False,False,1.212867898699521,2.0123203285420943,,True,0.7994524298425736,,1-2y,(active)
Apex Manufacturing,S10161,R&D,2020-07-17,2020-07-17,,,False,False,5.919233401779603,5.919233401779603,,False,0.0,,5-10y,(active)
Apex Manufacturing,S10162,Sales,2021-04-02,2022-11-13,2026-06-17,family relocation,True,True,3.592060232717317,5.207392197125257,3.592060232717317,True,1.6153319644079398,6.0,3-5y,Relocation
Apex Manufacturing,S10163,Sales,2019-12-13,2019-12-13,,,False,False,6.513347022587269,6.513347022587269,,False,0.0,,5-10y,(active)
Apex Manufacturing,S10170,Finance,2023-09-12,2023-09-12,2026-01-10,terminated for performance,True,True,2.329911019849418,2.329911019849418,2.329911019849418,False,0.0,1.0,2-3y,Involuntary/Performance
Apex Manufacturing,S10172,Sales,2023-08-27,2025-04-22,2026-06-17,  family relocation .,True,True,1.1526351813826146,2.8062970568104038,1.1526351813826146,True,1.6536618754277892,6.0,1-2y,Relocation
Apex Manufacturing,S10173,Finance,2014-06-03,2014-06-03,,,False,False,12.041067761806982,12.041067761806982,,False,0.0,,10y+,(active)
Apex Manufacturing,S10179,Marketing,2022-03-07,2022-03-07,,,False,False,4.2819986310746065,4.2819986310746065,,False,0.0,,3-5y,(active)
Apex Retail,S10180,R&D,2016-04-23,2016-04-23,,,False,False,10.151950718685832,10.151950718685832,,False,0.0,,10y+,(active)
Apex Logistics,S10181,Marketing,2025-02-17,2025-02-17,2026-01-11,no growth path here,True,True,0.8980150581793293,0.8980150581793293,0.8980150581793293,False,0.0,1.0,<1y,Career Growth
Apex Manufacturing,S10182,Operations,2022-09-29,2022-09-29,,,False,False,3.7180013689253935,3.7180013689253935,,False,0.0,,3-5y,(active)
Apex Manufacturing,S10185,Customer Service,2021-07-05,2021-07-05,,,False,False,4.952772073921971,4.952772073921971,,False,0.0,,3-5y,(active)
Apex Manufacturing,S10186,Operations,2017-10-01,2017-10-01,,,False,False,8.711841204654347,8.711841204654347,,False,0.0,,5-10y,(active)
Apex Retail,S10191,Finance,2019-02-18,2019-02-18,,,False,False,7.329226557152635,7.329226557152635,,False,0.0,,5-10y,(active)
Apex Manufacturing,S10193,Operations,2021-07-30,2021-07-30,,,False,False,4.884325804243669,4.884325804243669,,False,0.0,,3-5y,(active)
Apex Manufacturing,S10194,Operations,2024-10-19,2025-07-04,2026-06-17,no growth path here,True,True,0.9527720739219713,1.6591375770020533,0.9527720739219713,True,0.7063655030800822,6.0,<1y,Career Growth
Apex Retail,S10196,Operations,2020-05-23,2020-05-23,,,False,False,6.069815195071868,6.069815195071868,,False,0.0,,5-10y,(active)
Apex Digital,S10199,Engineering,2021-09-13,2021-09-13,,,False,False,4.761122518822724,4.761122518822724,,False,0.0,,3-5y,(active)
Apex Logistics,S10200,Marketing,2024-01-25,2024-01-25,2026-06-17,offer i couldnt refuse,True,True,2.3928815879534566,2.3928815879534566,2.3928815879534566,False,0.0,6.0,2-3y,Better Opportunity
Apex Logistics,S10201,Sales,2021-02-13,2021-02-13,2026-03-11,,True,True,5.070499657768652,5.070499657768652,5.070499657768652,False,0.0,3.0,5-10y,Unknown
Apex Manufacturing,S10211,Operations,2016-11-13,2016-11-13,,,False,False,9.593429158110883,9.593429158110883,,False,0.0,,5-10y,(active)
Apex Manufacturing,S10216,Customer Service,2024-11-20,2024-11-20,,,False,False,1.5742642026009583,1.5742642026009583,,False,0.0,,1-2y,(active)
Apex Digital,S10217,Sales,2021-08-31,2021-08-31,,,False,False,4.7967145790554415,4.7967145790554415,,False,0.0,,3-5y,(active)
Apex Logistics,S10220,Engineering,2014-11-04,2014-11-04,,,False,False,11.619438740588638,11.619438740588638,,False,0.0,,10y+,(active)
Apex Manufacturing,S10221,Sales,2024-08-09,2026-01-21,2026-06-17,pay too low,True,True,0.4024640657084189,1.8535249828884326,0.4024640657084189,True,1.4510609171800137,6.0,<1y,Compensation
Apex Retail,S10224,Sales,2021-03-15,2025-02-06,,,False,False,1.3607118412046544,5.259411362080766,,True,3.898699520876112,,1-2y,(active)
Apex Retail,S10226,Finance,2022-09-12,2022-09-12,,,False,False,3.7645448323066395,3.7645448323066395,,False,0.0,,3-5y,(active)
Apex Retail,S10230,Finance,2021-07-21,2024-06-22,,,False,False,1.9876796714579055,4.908966461327857,,True,2.921286789869952,,1-2y,(active)
Apex Logistics,S10234,Engineering,2024-12-02,2024-12-02,,,False,False,1.541409993155373,1.541409993155373,,False,0.0,,1-2y,(active)
Apex Digital,S10238,Engineering,2021-09-02,2021-09-02,,,False,False,4.791238877481177,4.791238877481177,,False,0.0,,3-5y,(active)
Apex Logistics,S10243,Engineering,2015-03-30,2015-03-30,,,False,False,11.219712525667351,11.219712525667351,,False,0.0,,10y+,(active)
Apex Manufacturing,S10244,Operations,2024-01-03,2024-01-03,2026-06-17,work life balance,True,True,2.4531143052703626,2.4531143052703626,2.4531143052703626,False,0.0,6.0,2-3y,Work-Life Balance
Apex Logistics,S10245,R&D,2020-07-03,2020-07-03,,,False,False,5.9575633127994525,5.9575633127994525,,False,0.0,,5-10y,(active)
Apex Manufacturing,S10248,Engineering,2019-10-14,2023-03-02,,,False,False,3.29637234770705,6.677618069815195,,True,3.381245722108145,,3-5y,(active)
Apex Manufacturing,S10249,Marketing,2013-08-13,2013-08-13,,,False,False,12.845995893223819,12.845995893223819,,False,0.0,,10y+,(active)
Apex Manufacturing,S10250,Customer Service,2025-02-03,2025-02-03,,,False,False,1.3689253935660506,1.3689253935660506,,False,0.0,,1-2y,(active)
Apex Manufacturing,S10253,Operations,2017-09-01,2017-09-01,,,False,False,8.793976728268309,8.793976728268309,,False,0.0,,5-10y,(active)
Apex Retail,S10254,Operations,2023-06-29,2023-06-29,,,False,False,2.97056810403833,2.97056810403833,,False,0.0,,2-3y,(active)
Apex Manufacturing,S10255,Finance,2024-04-25,2024-04-25,,,False,False,2.1464750171115674,2.1464750171115674,,False,0.0,,2-3y,(active)
Apex Manufacturing,S10257,Sales,2023-05-08,2023-05-08,2026-02-21,family care,True,True,2.7926078028747434,2.7926078028747434,2.7926078028747434,False,0.0,2.0,2-3y,Personal/Health
Apex Manufacturing,S10258,Marketing,2020-06-18,2021-06-28,,,False,False,4.971937029431896,5.9986310746064335,,True,1.0266940451745379,,3-5y,(active)
Apex Manufacturing,S10260,Finance,2015-12-27,2017-05-07,,,False,False,9.114305270362765,10.47501711156742,,True,1.3607118412046544,,5-10y,(active)
Apex Manufacturing,S10262,Customer Service,2024-07-23,2025-11-06,2026-06-17,toxic team culture,True,True,0.6105407255304586,1.9000684462696784,0.6105407255304586,True,1.2895277207392197,6.0,<1y,Management/Culture
Apex Digital,S10263,R&D,2014-06-28,2014-06-28,,,False,False,11.97262149212868,11.97262149212868,,False,0.0,,10y+,(active)
Apex Manufacturing,S10264,Sales,2025-07-31,2026-03-18,,,False,False,0.2518822724161533,0.8815879534565366,,True,0.6297056810403833,,<1y,(active)
Apex Manufacturing,S10265,Engineering,2025-04-15,2025-04-15,,,False,False,1.1745379876796715,1.1745379876796715,,False,0.0,,1-2y,(active)
Apex Manufacturing,S10267,Engineering,2025-03-31,2025-12-06,2026-06-17,family care,True,True,0.5284052019164955,1.212867898699521,0.5284052019164955,True,0.6844626967830253,6.0,<1y,Personal/Health
Apex Manufacturing,S10270,Customer Service,2024-06-21,2024-06-21,2026-06-17,Found a better opportunity,True,True,1.9876796714579055,1.9876796714579055,1.9876796714579055,False,0.0,6.0,1-2y,Better Opportunity
Apex Logistics,S10271,Operations,2021-06-22,2025-03-20,2026-01-08,,True,True,0.8049281314168378,4.547570157426421,0.8049281314168378,True,3.7426420260095825,1.0,<1y,Unknown
Apex Manufacturing,S10273,Customer Service,2025-09-13,2025-09-13,2026-06-17,,True,True,0.758384668035592,0.758384668035592,0.758384668035592,False,0.0,6.0,<1y,Unknown
Apex Retail,S10274,Customer Service,2023-11-25,2023-11-25,2026-06-17,new role at competitor,True,True,2.5598904859685145,2.5598904859685145,2.5598904859685145,False,0.0,6.0,2-3y,Better Opportunity
Apex Manufacturing,S10275,R&D,2022-08-30,2025-04-09,2026-06-17,full time studies,True,True,1.1882272416153319,3.7973990417522243,1.1882272416153319,True,2.6091718001368926,6.0,1-2y,Further Study
Apex Manufacturing,S10280,Engineering,2022-04-11,2024-11-11,,,False,False,1.5989048596851472,4.186173853524983,,True,2.5872689938398357,,1-2y,(active)
Apex Logistics,S10282,HR,2020-01-19,2020-11-27,,,False,False,5.555099247091033,6.412046543463381,,True,0.8569472963723477,,5-10y,(active)
Apex Logistics,S10284,Operations,2023-12-08,2023-12-08,2026-02-09,  too much overtime .,True,True,2.1738535249828885,2.1738535249828885,2.1738535249828885,False,0.0,2.0,2-3y,Work-Life Balance
Apex Manufacturing,S10285,Finance,2015-09-17,2015-09-17,,,False,False,10.751540041067761,10.751540041067761,,False,0.0,,10y+,(active)
Apex Manufacturing,S10288,Finance,2025-01-02,2025-01-02,,,False,False,1.4565366187542779,1.4565366187542779,,False,0.0,,1-2y,(active)
Apex Retail,S10289,Operations,2019-12-04,2019-12-04,,,False,False,6.537987679671458,6.537987679671458,,False,0.0,,5-10y,(active)
Apex Retail,S10292,Engineering,2017-03-31,2017-03-31,,,False,False,9.215605749486652,9.215605749486652,,False,0.0,,5-10y,(active)
Apex Logistics,S10298,Engineering,2021-03-20,2021-03-20,,,False,False,5.245722108145106,5.245722108145106,,False,0.0,,5-10y,(active)
Apex Retail,S10300,Sales,2022-04-19,2025-10-24,,,False,False,0.648870636550308,4.164271047227926,,True,3.515400410677618,,<1y,(active)
Apex Manufacturing,S10302,Engineering,2023-10-16,2023-10-16,,,False,False,2.6721423682409307,2.6721423682409307,,False,0.0,,2-3y,(active)
Apex Manufacturing,S10304,Marketing,2021-05-22,2024-04-24,,,False,False,2.1492128678986995,5.073237508555784,,True,2.924024640657084,,2-3y,(active)
Apex Manufacturing,S10305,Operations,2013-02-14,2016-04-14,,,False,False,10.17659137577002,13.338809034907598,,True,3.162217659137577,,10y+,(active)
Apex Retail,S10311,HR,2021-04-06,2021-04-06,,,False,False,5.19917864476386,5.19917864476386,,False,0.0,,5-10y,(active)
Apex Digital,S10312,Finance,2021-11-11,2021-11-11,,,False,False,4.59958932238193,4.59958932238193,,False,0.0,,3-5y,(active)
Apex Logistics,S10314,Finance,2022-04-09,2022-04-09,,,False,False,4.191649555099247,4.191649555099247,,False,0.0,,3-5y,(active)
Apex Retail,S10320,Sales,2014-10-17,2014-10-17,,,False,False,11.668720054757015,11.668720054757015,,False,0.0,,10y+,(active)
Apex Manufacturing,S10327,Finance,2021-12-18,2021-12-18,,,False,False,4.498288843258043,4.498288843258043,,False,0.0,,3-5y,(active)
Apex Logistics,S10328,Sales,2014-06-16,2017-03-30,,,False,False,9.218343600273785,12.005475701574264,,True,2.7871321013004793,,5-10y,(active)
Apex Manufacturing,S10331,Engineering,2019-09-04,2019-09-04,,,False,False,6.787132101300479,6.787132101300479,,False,0.0,,5-10y,(active)
Apex Manufacturing,S10334,Marketing,2023-02-04,2023-02-04,,,False,False,3.3675564681724848,3.3675564681724848,,False,0.0,,3-5y,(active)
Apex Manufacturing,S10335,Engineering,2017-05-17,2017-05-17,,,False,False,9.086926762491444,9.086926762491444,,False,0.0,,5-10y,(active)
Apex Digital,S10336,Marketing,2024-11-13,2024-11-13,,,False,False,1.593429158110883,1.593429158110883,,False,0.0,,1-2y,(active)
Apex Logistics,S10337,Engineering,2021-01-21,2021-01-21,2026-06-17,moved out of state,True,True,5.401779603011636,5.401779603011636,5.401779603011636,False,0.0,6.0,5-10y,Relocation
Apex Digital,S10338,Finance,2020-09-24,2020-09-24,,,False,False,5.730321697467488,5.730321697467488,,False,0.0,,5-10y,(active)
Apex Retail,S10340,Customer Service,2021-11-11,2021-11-11,,,False,False,4.59958932238193,4.59958932238193,,False,0.0,,3-5y,(active)
Apex Logistics,S10341,Customer Service,2022-06-16,2022-06-16,,,False,False,4.005475701574264,4.005475701574264,,False,0.0,,3-5y,(active)
Apex Manufacturing,S10342,Engineering,2015-12-09,2015-12-09,,,False,False,10.524298425735797,10.524298425735797,,False,0.0,,10y+,(active)
Apex Logistics,S10344,Finance,2020-02-03,2020-02-03,,,False,False,6.3709787816564,6.3709787816564,,False,0.0,,5-10y,(active)
Apex Logistics,S10345,Engineering,2020-04-24,2020-04-24,,,False,False,6.1492128678987,6.1492128678987,,False,0.0,,5-10y,(active)
Apex Manufacturing,S10346,Customer Service,2023-06-07,2025-05-09,2026-06-17,Found a better opportunity,True,True,1.106091718001369,3.028062970568104,1.106091718001369,True,1.9219712525667352,6.0,1-2y,Better Opportunity
Apex Manufacturing,S10347,Engineering,2024-08-31,2024-08-31,,,False,False,1.7960301163586585,1.7960301163586585,,False,0.0,,1-2y,(active)
Apex Manufacturing,S10356,R&D,2020-01-27,2020-01-27,,,False,False,6.3901437371663246,6.3901437371663246,,False,0.0,,5-10y,(active)
Apex Retail,S10359,Engineering,2024-06-10,2024-06-10,,,False,False,2.020533880903491,2.020533880903491,,False,0.0,,2-3y,(active)
Apex Manufacturing,S10360,Customer Service,2025-08-11,2025-08-11,2026-06-17,moved out of state,True,True,0.8487337440109514,0.8487337440109514,0.8487337440109514,False,0.0,6.0,<1y,Relocation
Apex Digital,S10364,Customer Service,2020-04-02,2023-08-05,2026-06-17,underpaid for the work,True,True,2.86652977412731,6.206707734428473,2.86652977412731,True,3.3401779603011637,6.0,2-3y,Compensation
Apex Retail,S10365,HR,2021-09-14,2021-09-14,2026-06-17,Better pay package,True,True,4.75564681724846,4.75564681724846,4.75564681724846,False,0.0,6.0,3-5y,Compensation
Apex Logistics,S10367,Customer Service,2018-11-08,2018-11-08,,,False,False,7.60848733744011,7.60848733744011,,False,0.0,,5-10y,(active)
Apex Logistics,S10372,Finance,2025-07-19,2026-05-15,,,False,False,0.09308692676249145,0.9144421629021219,,True,0.8213552361396304,,<1y,(active)
Apex Digital,S10379,Operations,2022-09-19,2026-02-07,2026-05-08,HEALTH REASONS,True,True,0.2464065708418891,3.6331279945242985,0.2464065708418891,True,3.3867214236824092,5.0,<1y,Personal/Health
Apex Digital,S10380,Customer Service,2025-01-31,2026-01-19,2026-04-19,moving to a bigger company,True,True,0.2464065708418891,1.212867898699521,0.2464065708418891,True,0.9664613278576317,4.0,<1y,Relocation
Apex Manufacturing,S10381,Engineering,2021-10-05,2025-07-07,2026-01-21,career stagnation,True,True,0.5420944558521561,4.295687885010267,0.5420944558521561,True,3.753593429158111,1.0,<1y,Career Growth
Apex Logistics,S10383,Operations,2021-06-14,2021-06-14,,,False,False,5.0102669404517455,5.0102669404517455,,False,0.0,,5-10y,(active)
Apex Manufacturing,S10384,Engineering,2021-01-28,2021-01-28,,,False,False,5.385352498288843,5.385352498288843,,False,0.0,,5-10y,(active)
Apex Manufacturing,S10385,R&D,2015-10-16,2015-10-16,,,False,False,10.67214236824093,10.67214236824093,,False,0.0,,10y+,(active)
Apex Logistics,S10389,Sales,2022-10-30,2024-02-05,2026-06-17,offer i couldnt refuse,True,True,2.3627652292950034,3.6303901437371664,2.3627652292950034,True,1.267624914442163,6.0,2-3y,Better Opportunity
Apex Manufacturing,S10390,Operations,2021-08-24,2021-08-24,,,False,False,4.815879534565366,4.815879534565366,,False,0.0,,3-5y,(active)
Apex Manufacturing,S10392,Finance,2022-10-08,2022-10-08,,,False,False,3.693360711841205,3.693360711841205,,False,0.0,,3-5y,(active)
Apex Retail,S10395,Marketing,2024-01-16,2024-01-16,2026-01-04,,True,True,1.9685147159479808,1.9685147159479808,1.9685147159479808,False,0.0,1.0,1-2y,Unknown
Apex Manufacturing,S10398,R&D,2017-05-07,2017-05-07,,,False,False,9.114305270362765,9.114305270362765,,False,0.0,,5-10y,(active)
Apex Manufacturing,S10402,Operations,2022-04-12,2022-04-12,,,False,False,4.183436002737851,4.183436002737851,,False,0.0,,3-5y,(active)
Apex Logistics,S10406,HR,2015-10-02,2016-07-06,,,False,False,9.949349760438055,10.710472279260781,,True,0.7611225188227242,,5-10y,(active)
Apex Digital,S10407,HR,2022-03-15,2022-03-15,,,False,False,4.26009582477755,4.26009582477755,,False,0.0,,3-5y,(active)
Apex Manufacturing,S10408,Marketing,2019-04-22,2021-07-29,,,False,False,4.887063655030801,7.156741957563312,,True,2.269678302532512,,3-5y,(active)
Apex Manufacturing,S10409,Engineering,2017-01-16,2017-10-26,,,False,False,8.643394934976044,9.418206707734429,,True,0.7748117727583846,,5-10y,(active)
Apex Manufacturing,S10411,Operations,2024-05-23,2024-05-23,,,False,False,2.0698151950718686,2.0698151950718686,,False,0.0,,2-3y,(active)
Apex Retail,S10414,Customer Service,2022-02-02,2025-05-31,2026-06-17,burnt out,True,True,1.0458590006844628,4.369609856262834,1.0458590006844628,True,3.323750855578371,6.0,1-2y,Work-Life Balance
Apex Digital,S10416,Engineering,2024-03-17,2024-03-17,2026-06-17,TERMINATED FOR PERFORMANCE,True,True,2.2505133470225873,2.2505133470225873,2.2505133470225873,False,0.0,6.0,2-3y,Involuntary/Performance
Apex Digital,S10417,Engineering,2025-02-13,2025-02-13,2026-06-17,HEALTH REASONS,True,True,1.3388090349075976,1.3388090349075976,1.3388090349075976,False,0.0,6.0,1-2y,Personal/Health
Apex Manufacturing,S10419,Customer Service,2024-09-19,2026-05-01,,,False,False,0.13141683778234087,1.7440109514031485,,True,1.6125941136208077,,<1y,(active)
Apex Retail,S10422,Engineering,2020-06-25,2020-06-25,,,False,False,5.979466119096509,5.979466119096509,,False,0.0,,5-10y,(active)
Apex Retail,S10430,HR,2018-10-28,2018-10-28,,,False,False,7.638603696098563,7.638603696098563,,False,0.0,,5-10y,(active)
Apex Digital,S10433,Sales,2023-07-26,2023-07-26,2026-01-11,wanted more challenge,True,True,2.4640657084188913,2.4640657084188913,2.4640657084188913,False,0.0,1.0,2-3y,Career Growth
Apex Digital,S10434,Engineering,2018-04-08,2021-03-17,,,False,False,5.253935660506502,8.19438740588638,,True,2.940451745379877,,5-10y,(active)
Apex Manufacturing,S10435,Customer Service,2024-04-26,2024-12-25,2026-06-17,CAREER STAGNATION,True,True,1.4757015742642026,2.1409993155373033,1.4757015742642026,True,0.6652977412731006,6.0,1-2y,Career Growth
Apex Digital,S10439,Customer Service,2021-01-27,2021-01-27,,,False,False,5.388090349075975,5.388090349075975,,False,0.0,,5-10y,(active)
Apex Retail,S10442,Engineering,2012-05-19,2016-05-06,,,False,False,10.116358658453114,14.080766598220396,,True,3.9644079397672827,,10y+,(active)
Apex Retail,S10444,Finance,2018-08-22,2018-08-22,,,False,False,7.822039698836414,7.822039698836414,,False,0.0,,5-10y,(active)
Apex Digital,S10446,Engineering,2020-01-17,2020-01-17,,,False,False,6.417522245037645,6.417522245037645,,False,0.0,,5-10y,(active)
Apex Logistics,S10447,HR,2022-07-01,2022-07-01,,,False,False,3.9644079397672827,3.9644079397672827,,False,0.0,,3-5y,(active)
Apex Manufacturing,S10448,Engineering,2021-04-12,2024-10-08,,,False,False,1.6919917864476386,5.1827515400410675,,True,3.490759753593429,,1-2y,(active)
Apex Manufacturing,S10450,Finance,2022-04-04,2022-04-04,,,False,False,4.205338809034908,4.205338809034908,,False,0.0,,3-5y,(active)
Apex Retail,S10451,HR,2018-05-19,2018-05-19,,,False,False,8.082135523613964,8.082135523613964,,False,0.0,,5-10y,(active)
Apex Digital,S10452,R&D,2024-03-16,2024-03-16,,,False,False,2.2559890485968515,2.2559890485968515,,False,0.0,,2-3y,(active)
Apex Manufacturing,S10453,Engineering,2022-08-16,2022-08-16,,,False,False,3.838466803559206,3.838466803559206,,False,0.0,,3-5y,(active)
Apex Manufacturing,S10455,Operations,2020-04-28,2023-04-15,,,False,False,3.1759069130732374,6.138261464750171,,True,2.9623545516769334,,3-5y,(active)
Apex Manufacturing,S10456,Finance,2016-10-02,2016-10-02,,,False,False,9.708418891170432,9.708418891170432,,False,0.0,,5-10y,(active)
Apex Retail,S10459,Engineering,2022-03-15,2022-03-15,,,False,False,4.26009582477755,4.26009582477755,,False,0.0,,3-5y,(active)
Apex Manufacturing,S10460,R&D,2023-01-11,2023-01-11,,,False,False,3.433264887063655,3.433264887063655,,False,0.0,,3-5y,(active)
Apex Manufacturing,S10464,Operations,2026-01-29,2026-01-29,,,False,False,0.38329911019849416,0.38329911019849416,,False,0.0,,<1y,(active)
Apex Retail,S10468,Engineering,2023-10-11,2023-10-11,,,False,False,2.6858316221765914,2.6858316221765914,,False,0.0,,2-3y,(active)
Apex Digital,S10474,Sales,2021-02-22,2021-02-22,,,False,False,5.316906228610541,5.316906228610541,,False,0.0,,5-10y,(active)
Apex Retail,S10478,Customer Service,2025-10-06,2025-10-06,2026-06-17,Found a better opportunity,True,True,0.6954140999315537,0.6954140999315537,0.6954140999315537,False,0.0,6.0,<1y,Better Opportunity
Apex Digital,S10479,Engineering,2021-08-31,2021-08-31,,,False,False,4.7967145790554415,4.7967145790554415,,False,0.0,,3-5y,(active)
Apex Logistics,S10480,Customer Service,2022-11-30,2022-11-30,2026-06-17,Found a better opportunity,True,True,3.5455167693360714,3.5455167693360714,3.5455167693360714,False,0.0,6.0,3-5y,Better Opportunity
Apex Digital,S10481,Engineering,2021-03-17,2025-02-11,,,False,False,1.3470225872689938,5.253935660506502,,True,3.9069130732375084,,1-2y,(active)
Apex Retail,S10485,Marketing,2024-11-25,2024-11-25,,,False,False,1.5605749486652978,1.5605749486652978,,False,0.0,,1-2y,(active)
Apex Retail,S10486,Engineering,2022-02-26,2025-04-21,,,False,False,1.158110882956879,4.306639288158795,,True,3.1485284052019167,,1-2y,(active)
Apex Retail,S10490,Marketing,2022-11-26,2022-11-26,2026-01-11,personal reasons,True,True,3.1266255989048597,3.1266255989048597,3.1266255989048597,False,0.0,1.0,3-5y,Personal/Health
Apex Manufacturing,S10493,Engineering,2022-01-07,2025-04-18,2026-06-17,,True,True,1.163586584531143,4.440793976728268,1.163586584531143,True,3.277207392197125,6.0,1-2y,Unknown
Apex Logistics,S10494,R&D,2020-08-16,2020-08-16,,,False,False,5.83709787816564,5.83709787816564,,False,0.0,,5-10y,(active)
Apex Retail,S10499,Engineering,2025-03-12,2026-05-15,,,False,False,0.09308692676249145,1.267624914442163,,True,1.1745379876796715,,<1y,(active)
Apex Digital,S10507,R&D,2022-03-26,2024-10-20,,,False,False,1.6591375770020533,4.229979466119096,,True,2.5708418891170433,,1-2y,(active)
Apex Manufacturing,S10511,Operations,2020-04-07,2020-04-07,,,False,False,6.195756331279945,6.195756331279945,,False,0.0,,5-10y,(active)
Apex Manufacturing,S10513,Operations,2022-03-29,2022-03-29,,,False,False,4.2217659137577,4.2217659137577,,False,0.0,,3-5y,(active)
Apex Manufacturing,S10516,Operations,2018-10-15,2018-10-15,,,False,False,7.67419575633128,7.67419575633128,,False,0.0,,5-10y,(active)
Apex Digital,S10517,Finance,2021-11-07,2021-11-07,,,False,False,4.610540725530458,4.610540725530458,,False,0.0,,3-5y,(active)
Apex Manufacturing,S10522,Customer Service,2018-06-01,2018-06-01,,,False,False,8.046543463381246,8.046543463381246,,False,0.0,,5-10y,(active)
Apex Manufacturing,S10526,Finance,2021-07-16,2021-07-16,,,False,False,4.922655715263518,4.922655715263518,,False,0.0,,3-5y,(active)
Apex Manufacturing,S10527,Finance,2021-01-19,2021-01-19,,,False,False,5.409993155373032,5.409993155373032,,False,0.0,,5-10y,(active)
Apex Manufacturing,S10528,HR,2022-04-30,2022-04-30,,,False,False,4.134154688569473,4.134154688569473,,False,0.0,,3-5y,(active)
Apex Manufacturing,S10530,Engineering,2024-09-15,2024-09-15,,,False,False,1.754962354551677,1.754962354551677,,False,0.0,,1-2y,(active)
Apex Manufacturing,S10531,R&D,2016-09-22,2016-09-22,,,False,False,9.735797399041752,9.735797399041752,,False,0.0,,5-10y,(active)
Apex Retail,S10533,HR,2022-11-18,2022-11-18,,,False,False,3.5811088295687883,3.5811088295687883,,False,0.0,,3-5y,(active)
Apex Logistics,S10537,Engineering,2024-12-01,2024-12-01,,,False,False,1.5441478439425051,1.5441478439425051,,False,0.0,,1-2y,(active)
Apex Manufacturing,S10538,Customer Service,2021-01-06,2021-01-06,,,False,False,5.44558521560575,5.44558521560575,,False,0.0,,5-10y,(active)
Apex Retail,S10539,Marketing,2022-04-24,2025-04-03,,,False,False,1.2073921971252566,4.1505817932922655,,True,2.943189596167009,,1-2y,(active)
Apex Manufacturing,S10541,Marketing,2017-01-22,2018-04-09,,,False,False,8.191649555099247,9.401779603011637,,True,1.2101300479123889,,5-10y,(active)
Apex Manufacturing,S10546,Marketing,2020-11-12,2020-11-12,,,False,False,5.596167008898015,5.596167008898015,,False,0.0,,5-10y,(active)
Apex Manufacturing,S10548,Operations,2017-03-24,2017-03-24,,,False,False,9.234770704996578,9.234770704996578,,False,0.0,,5-10y,(active)
Apex Retail,S10550,Engineering,2019-11-13,2019-11-13,,,False,False,6.595482546201232,6.595482546201232,,False,0.0,,5-10y,(active)
Apex Retail,S10551,R&D,2020-05-14,2020-05-14,,,False,False,6.094455852156058,6.094455852156058,,False,0.0,,5-10y,(active)
Apex Manufacturing,S10554,Finance,2023-01-02,2023-01-02,,,False,False,3.457905544147844,3.457905544147844,,False,0.0,,3-5y,(active)
Apex Logistics,S10555,Engineering,2022-01-13,2022-01-13,,,False,False,4.427104722792608,4.427104722792608,,False,0.0,,3-5y,(active)
Apex Retail,S10557,Sales,2023-02-05,2025-04-26,,,False,False,1.1444216290212184,3.3648186173853527,,True,2.220396988364134,,1-2y,(active)
Apex Retail,S10558,Customer Service,2019-08-16,2019-08-16,,,False,False,6.839151266255989,6.839151266255989,,False,0.0,,5-10y,(active)
Apex Retail,S10560,Operations,2013-08-19,2015-12-01,,,False,False,10.546201232032855,12.829568788501026,,True,2.2833675564681726,,10y+,(active)
Apex Manufacturing,S10564,Engineering,2021-04-13,2023-04-15,,,False,False,3.1759069130732374,5.1800136892539355,,True,2.004106776180698,,3-5y,(active)
Apex Manufacturing,S10568,Sales,2020-04-12,2020-04-12,,,False,False,6.182067077344285,6.182067077344285,,False,0.0,,5-10y,(active)
Apex Digital,S10576,Operations,2024-01-11,2024-01-11,2026-06-17,limited career progression,True,True,2.431211498973306,2.431211498973306,2.431211498973306,False,0.0,6.0,2-3y,Career Growth
Apex Retail,S10586,Customer Service,2013-11-22,2013-11-22,,,False,False,12.569472963723477,12.569472963723477,,False,0.0,,10y+,(active)
Apex Manufacturing,S10587,Sales,2023-01-15,2025-05-31,2026-06-17,pay too low,True,True,1.0458590006844628,3.4195756331279945,1.0458590006844628,True,2.3737166324435317,6.0,1-2y,Compensation
Apex Manufacturing,S10588,Marketing,2016-11-17,2016-11-17,,,False,False,9.582477754962355,9.582477754962355,,False,0.0,,5-10y,(active)
Apex Digital,S10590,HR,2022-08-27,2022-08-27,,,False,False,3.808350444900753,3.808350444900753,,False,0.0,,3-5y,(active)
Apex Retail,S10591,Marketing,2017-11-14,2017-11-14,,,False,False,8.591375770020534,8.591375770020534,,False,0.0,,5-10y,(active)
Apex Logistics,S10595,Engineering,2017-08-12,2017-08-12,,,False,False,8.848733744010952,8.848733744010952,,False,0.0,,5-10y,(active)
Apex Logistics,S10598,Operations,2018-04-27,2018-04-27,,,False,False,8.14236824093087,8.14236824093087,,False,0.0,,5-10y,(active)
Apex Digital,S10600,Operations,2021-03-03,2024-01-25,,,False,False,2.3956194387405887,5.292265571526352,,True,2.8966461327857633,,2-3y,(active)
Apex Logistics,S10601,Operations,2021-03-17,2021-03-17,,,False,False,5.253935660506502,5.253935660506502,,False,0.0,,5-10y,(active)
Apex Manufacturing,S10607,Finance,2023-12-21,2023-12-21,2026-06-17,no growth path here,True,True,2.48870636550308,2.48870636550308,2.48870636550308,False,0.0,6.0,2-3y,Career Growth
Apex Manufacturing,S10608,Engineering,2020-11-30,2020-11-30,,,False,False,5.546885694729637,5.546885694729637,,False,0.0,,5-10y,(active)
Apex Manufacturing,S10613,Marketing,2020-07-27,2020-07-27,,,False,False,5.891854893908282,5.891854893908282,,False,0.0,,5-10y,(active)
Apex Logistics,S10614,Engineering,2018-04-25,2018-04-25,,,False,False,8.147843942505133,8.147843942505133,,False,0.0,,5-10y,(active)
Apex Manufacturing,S10616,Sales,2021-10-17,2021-10-17,,,False,False,4.6680355920602326,4.6680355920602326,,False,0.0,,3-5y,(active)
Apex Digital,S10617,Finance,2025-01-08,2025-01-08,,,False,False,1.4401095140314852,1.4401095140314852,,False,0.0,,1-2y,(active)
Apex Manufacturing,S10618,Operations,2017-03-28,2017-03-28,,,False,False,9.22381930184805,9.22381930184805,,False,0.0,,5-10y,(active)
Apex Retail,S10619,Engineering,2017-07-12,2019-08-23,,,False,False,6.8199863107460645,8.933607118412047,,True,2.113620807665982,,5-10y,(active)
Apex Digital,S10623,Finance,2018-08-14,2018-08-14,,,False,False,7.84394250513347,7.84394250513347,,False,0.0,,5-10y,(active)
Apex Logistics,S10631,Operations,2020-08-10,2020-08-10,,,False,False,5.853524982888432,5.853524982888432,,False,0.0,,5-10y,(active)
Apex Manufacturing,S10633,Operations,2020-04-03,2020-04-03,,,False,False,6.206707734428473,6.206707734428473,,False,0.0,,5-10y,(active)
Apex Manufacturing,S10634,Customer Service,2022-06-29,2022-06-29,,,False,False,3.969883641341547,3.969883641341547,,False,0.0,,3-5y,(active)
Apex Retail,S10638,Finance,2022-10-09,2022-10-09,,,False,False,3.6906228610540723,3.6906228610540723,,False,0.0,,3-5y,(active)
Apex Manufacturing,S10641,Finance,2021-07-30,2023-03-07,,,False,False,3.2826830937713893,4.884325804243669,,True,1.6016427104722792,,3-5y,(active)
Apex Logistics,S10642,Sales,2020-04-01,2023-08-03,,,False,False,2.8747433264887063,6.2121834360027375,,True,3.3374401095140316,,2-3y,(active)
Apex Manufacturing,S10645,Finance,2017-08-26,2017-08-26,,,False,False,8.810403832991103,8.810403832991103,,False,0.0,,5-10y,(active)
Apex Manufacturing,S10649,Operations,2023-05-30,2025-03-14,,,False,False,1.2621492128678986,3.052703627652293,,True,1.7905544147843941,,1-2y,(active)
Apex Manufacturing,S10654,Engineering,2016-09-04,2016-09-04,,,False,False,9.78507871321013,9.78507871321013,,False,0.0,,5-10y,(active)
Apex Retail,S10657,Engineering,2018-07-26,2021-03-18,,,False,False,5.25119780971937,7.8959616700889805,,True,2.64476386036961,,5-10y,(active)
Apex Logistics,S10658,Operations,2018-06-29,2018-06-29,,,False,False,7.969883641341547,7.969883641341547,,False,0.0,,5-10y,(active)
Apex Logistics,S10662,Operations,2014-06-01,2014-06-01,,,False,False,12.046543463381246,12.046543463381246,,False,0.0,,10y+,(active)
Apex Digital,S10664,Sales,2021-10-25,2023-12-20,,,False,False,2.4941820670773445,4.646132785763176,,True,2.1519507186858315,,2-3y,(active)
Apex Logistics,S10665,Sales,2025-09-19,2025-09-19,2026-06-17,"maternity, did not return",True,True,0.7419575633127995,0.7419575633127995,0.7419575633127995,False,0.0,6.0,<1y,Personal/Health
Apex Manufacturing,S10668,Marketing,2013-10-27,2013-10-27,,,False,False,12.640657084188911,12.640657084188911,,False,0.0,,10y+,(active)
Apex Logistics,S10669,Finance,2021-12-27,2024-11-04,,,False,False,1.6180698151950719,4.473648186173854,,True,2.855578370978782,,1-2y,(active)
Apex Retail,S10676,Engineering,2015-01-06,2015-01-06,,,False,False,11.446954140999315,11.446954140999315,,False,0.0,,10y+,(active)
Apex Manufacturing,S10678,Marketing,2019-05-06,2020-12-25,,,False,False,5.478439425051334,7.1184120465434635,,True,1.6399726214921286,,5-10y,(active)
Apex Digital,S10679,Engineering,2024-10-21,2024-10-21,,,False,False,1.6563997262149213,1.6563997262149213,,False,0.0,,1-2y,(active)
Apex Manufacturing,S10681,R&D,2019-06-11,2020-04-29,,,False,False,6.135523613963039,7.019849418206708,,True,0.8843258042436687,,5-10y,(active)
Apex Logistics,S10682,Sales,2021-06-09,2021-06-09,2026-06-17,toxic team culture,True,True,5.021218343600274,5.021218343600274,5.021218343600274,False,0.0,6.0,5-10y,Management/Culture
Apex Retail,S10689,HR,2017-06-17,2017-06-17,,,False,False,9.00205338809035,9.00205338809035,,False,0.0,,5-10y,(active)
Apex Retail,S10690,Finance,2024-01-05,2024-01-05,,,False,False,2.4503764544832305,2.4503764544832305,,False,0.0,,2-3y,(active)
Apex Logistics,S10695,Sales,2025-04-18,2025-04-18,2026-01-19,offer i couldnt refuse,True,True,0.75564681724846,0.75564681724846,0.75564681724846,False,0.0,1.0,<1y,Better Opportunity
Apex Retail,S10699,R&D,2023-01-28,2023-01-28,,,False,False,3.3867214236824092,3.3867214236824092,,False,0.0,,3-5y,(active)
Apex Manufacturing,S10700,Engineering,2021-10-24,2021-10-24,,,False,False,4.648870636550308,4.648870636550308,,False,0.0,,3-5y,(active)
Apex Retail,S10703,Operations,2024-05-22,2024-05-22,,,False,False,2.0725530458590007,2.0725530458590007,,False,0.0,,2-3y,(active)
Apex Manufacturing,S10704,Operations,2022-06-03,2025-09-20,,,False,False,0.7419575633127995,4.041067761806982,,True,3.299110198494182,,<1y,(active)
Apex Manufacturing,S10706,Operations,2020-02-15,2020-02-15,,,False,False,6.338124572210814,6.338124572210814,,False,0.0,,5-10y,(active)
Apex Manufacturing,S10707,Operations,2019-02-28,2019-02-28,,,False,False,7.301848049281314,7.301848049281314,,False,0.0,,5-10y,(active)
Apex Digital,S10708,Marketing,2016-07-30,2016-07-30,,,False,False,9.883641341546886,9.883641341546886,,False,0.0,,5-10y,(active)
Apex Manufacturing,S10709,HR,2017-11-22,2017-11-22,,,False,False,8.569472963723477,8.569472963723477,,False,0.0,,5-10y,(active)
Apex Manufacturing,S10715,Operations,2024-11-29,2024-11-29,2026-01-27,work life balance,True,True,1.160848733744011,1.160848733744011,1.160848733744011,False,0.0,1.0,1-2y,Work-Life Balance
Apex Manufacturing,S10720,Sales,2022-03-31,2022-03-31,,,False,False,4.216290212183436,4.216290212183436,,False,0.0,,3-5y,(active)
Apex Manufacturing,S10724,Finance,2021-07-31,2021-07-31,,,False,False,4.8815879534565365,4.8815879534565365,,False,0.0,,3-5y,(active)
Apex Retail,S10727,Sales,2022-03-16,2024-09-01,2026-01-17,stress and long hours,True,True,1.377138945927447,3.8412046543463383,1.377138945927447,True,2.4640657084188913,1.0,1-2y,Work-Life Balance
Apex Manufacturing,S10734,Operations,2023-12-19,2023-12-19,,,False,False,2.4969199178644765,2.4969199178644765,,False,0.0,,2-3y,(active)
Apex Logistics,S10735,Sales,2024-01-02,2024-01-02,2026-06-17,HEALTH REASONS,True,True,2.455852156057495,2.455852156057495,2.455852156057495,False,0.0,6.0,2-3y,Personal/Health
Apex Digital,S10736,HR,2015-11-27,2019-04-17,,,False,False,7.170431211498974,10.557152635181383,,True,3.3867214236824092,,5-10y,(active)
Apex Manufacturing,S10737,Operations,2022-08-10,2023-04-29,,,False,False,3.137577002053388,3.8548939082819986,,True,0.7173169062286106,,3-5y,(active)
Apex Retail,S10738,Marketing,2021-10-04,2021-10-04,,,False,False,4.70362765229295,4.70362765229295,,False,0.0,,3-5y,(active)
Apex Manufacturing,S10741,Operations,2024-10-05,2024-10-05,,,False,False,1.700205338809035,1.700205338809035,,False,0.0,,1-2y,(active)
Apex Manufacturing,S10742,Sales,2022-07-30,2022-07-30,2026-06-17,laid off,True,True,3.8822724161533197,3.8822724161533197,3.8822724161533197,False,0.0,6.0,3-5y,Involuntary/Performance
Apex Manufacturing,S10743,Operations,2015-06-04,2015-06-04,,,False,False,11.039014373716633,11.039014373716633,,False,0.0,,10y+,(active)
Apex Digital,S10744,Engineering,2019-10-12,2019-10-12,,,False,False,6.683093771389459,6.683093771389459,,False,0.0,,5-10y,(active)
Apex Logistics,S10746,Customer Service,2015-08-01,2015-08-01,,,False,False,10.880219028062971,10.880219028062971,,False,0.0,,10y+,(active)
Apex Logistics,S10747,Marketing,2017-12-21,2017-12-21,,,False,False,8.490075290896646,8.490075290896646,,False,0.0,,5-10y,(active)
Apex Logistics,S10750,Engineering,2022-04-28,2022-04-28,,,False,False,4.139630390143737,4.139630390143737,,False,0.0,,3-5y,(active)
Apex Manufacturing,S10752,Sales,2022-02-03,2022-02-03,2026-01-19,pursuing MBA,True,True,3.9589322381930185,3.9589322381930185,3.9589322381930185,False,0.0,1.0,3-5y,Further Study
Apex Manufacturing,S10753,Engineering,2022-11-06,2022-11-06,2026-06-17,culture not a fit,True,True,3.6112251882272415,3.6112251882272415,3.6112251882272415,False,0.0,6.0,3-5y,Management/Culture
Apex Logistics,S10755,Marketing,2024-07-17,2025-03-03,,,False,False,1.2922655715263518,1.919233401779603,,True,0.6269678302532512,,1-2y,(active)
Apex Retail,S10761,Operations,2022-09-21,2025-11-15,,,False,False,0.5886379192334018,3.7399041752224504,,True,3.1512662559890487,,<1y,(active)
Apex Retail,S10762,Engineering,2023-09-25,2023-09-25,,,False,False,2.729637234770705,2.729637234770705,,False,0.0,,2-3y,(active)
Apex Manufacturing,S10763,Operations,2024-11-24,2025-11-29,2026-06-17,CULTURE NOT A FIT,True,True,0.5475701574264202,1.5605749486652978,0.5475701574264202,True,1.0130047912388775,6.0,<1y,Management/Culture
Apex Manufacturing,S10765,Customer Service,2023-01-28,2023-01-28,,,False,False,3.3867214236824092,3.3867214236824092,,False,0.0,,3-5y,(active)
Apex Manufacturing,S10766,Engineering,2017-12-04,2017-12-04,,,False,False,8.536618754277892,8.536618754277892,,False,0.0,,5-10y,(active)
Apex Retail,S10767,HR,2021-04-29,2024-09-04,2026-01-17,bad manager,True,True,1.3689253935660506,4.720054757015743,1.3689253935660506,True,3.351129363449692,1.0,1-2y,Management/Culture
Apex Manufacturing,S10768,Finance,2019-02-16,2019-02-16,,,False,False,7.3347022587268995,7.3347022587268995,,False,0.0,,5-10y,(active)
Apex Manufacturing,S10771,Operations,2020-11-07,2020-11-07,,,False,False,5.6098562628336754,5.6098562628336754,,False,0.0,,5-10y,(active)
Apex Digital,S10774,Engineering,2019-06-03,2019-06-03,,,False,False,7.041752224503765,7.041752224503765,,False,0.0,,5-10y,(active)
Apex Manufacturing,S10777,Customer Service,2022-06-14,2022-06-14,,,False,False,4.010951403148528,4.010951403148528,,False,0.0,,3-5y,(active)
Apex Digital,S10778,Operations,2023-09-13,2023-09-13,,,False,False,2.7624914442162902,2.7624914442162902,,False,0.0,,2-3y,(active)
Apex Manufacturing,S10779,Operations,2024-04-10,2025-05-12,,,False,False,1.1006160164271048,2.187542778918549,,True,1.0869267624914443,,1-2y,(active)
Apex Logistics,S10780,Engineering,2012-11-26,2012-11-26,,,False,False,13.557837097878165,13.557837097878165,,False,0.0,,10y+,(active)
Apex Manufacturing,S10782,Operations,2014-05-14,2016-11-09,,,False,False,9.604380561259411,12.095824777549623,,True,2.4914442162902124,,5-10y,(active)
Apex Digital,S10783,Finance,2019-09-06,2021-07-30,2026-01-08,stress and long hours,True,True,4.4435318275154,6.3408624229979464,4.4435318275154,True,1.8973305954825461,1.0,3-5y,Work-Life Balance
Apex Manufacturing,S10784,Marketing,2014-09-18,2015-11-06,,,False,False,10.614647501711156,11.748117727583846,,True,1.1334702258726899,,10y+,(active)
Apex Retail,S10786,Engineering,2017-12-11,2017-12-11,,,False,False,8.517453798767967,8.517453798767967,,False,0.0,,5-10y,(active)
Apex Manufacturing,S10787,Operations,2021-07-01,2021-07-01,,,False,False,4.963723477070499,4.963723477070499,,False,0.0,,3-5y,(active)
Apex Retail,S10789,Engineering,2025-01-06,2025-01-06,,,False,False,1.4455852156057496,1.4455852156057496,,False,0.0,,1-2y,(active)
Apex Retail,S10796,Finance,2020-03-16,2020-03-16,,,False,False,6.2559890485968515,6.2559890485968515,,False,0.0,,5-10y,(active)
Apex Manufacturing,S10805,Operations,2022-11-05,2023-08-13,,,False,False,2.847364818617385,3.6167008898015056,,True,0.7693360711841205,,2-3y,(active)
Apex Manufacturing,S10809,Operations,2022-04-28,2025-02-11,,,False,False,1.3470225872689938,4.139630390143737,,True,2.7926078028747434,,1-2y,(active)
Apex Digital,S10811,Sales,2023-11-04,2023-11-04,,,False,False,2.620123203285421,2.620123203285421,,False,0.0,,2-3y,(active)
Apex Digital,S10812,R&D,2016-05-22,2016-05-22,,,False,False,10.072553045859001,10.072553045859001,,False,0.0,,10y+,(active)
Apex Retail,S10813,Sales,2024-12-24,2025-12-04,2026-01-19,reached retirement age,True,True,0.12594113620807665,1.0704996577686516,0.12594113620807665,True,0.944558521560575,1.0,<1y,Retirement
Apex Retail,S10814,Sales,2022-03-11,2025-08-24,,,False,False,0.8158795345653662,4.271047227926078,,True,3.455167693360712,,<1y,(active)
Apex Manufacturing,S10815,HR,2020-08-09,2020-08-09,,,False,False,5.856262833675565,5.856262833675565,,False,0.0,,5-10y,(active)
Apex Logistics,S10816,Finance,2017-10-24,2017-10-24,,,False,False,8.648870636550308,8.648870636550308,,False,0.0,,5-10y,(active)
Apex Manufacturing,S10817,Finance,2017-03-12,2017-03-12,,,False,False,9.267624914442163,9.267624914442163,,False,0.0,,5-10y,(active)
Apex Retail,S10820,Engineering,2022-01-15,2022-01-15,,,False,False,4.421629021218344,4.421629021218344,,False,0.0,,3-5y,(active)
Apex Retail,S10823,Marketing,2014-09-30,2014-09-30,,,False,False,11.715263518138261,11.715263518138261,,False,0.0,,10y+,(active)
Apex Manufacturing,S10828,Operations,2022-07-27,2022-07-27,,,False,False,3.893223819301848,3.893223819301848,,False,0.0,,3-5y,(active)
Apex Retail,S10834,Engineering,2022-03-20,2022-03-20,,,False,False,4.246406570841889,4.246406570841889,,False,0.0,,3-5y,(active)
Apex Logistics,S10837,Marketing,2022-05-20,2022-05-20,,,False,False,4.079397672826831,4.079397672826831,,False,0.0,,3-5y,(active)
Apex Manufacturing,S10839,Engineering,2020-04-24,2020-04-24,,,False,False,6.1492128678987,6.1492128678987,,False,0.0,,5-10y,(active)
Apex Manufacturing,S10843,Operations,2020-08-30,2022-02-11,,,False,False,4.347707049965777,5.798767967145791,,True,1.4510609171800137,,3-5y,(active)
Apex Manufacturing,S10845,Marketing,2020-09-15,2020-09-15,,,False,False,5.754962354551677,5.754962354551677,,False,0.0,,5-10y,(active)
Apex Manufacturing,S10846,Engineering,2022-04-13,2022-04-13,,,False,False,4.180698151950718,4.180698151950718,,False,0.0,,3-5y,(active)
Apex Digital,S10849,HR,2020-10-29,2020-10-29,,,False,False,5.634496919917864,5.634496919917864,,False,0.0,,5-10y,(active)
Apex Logistics,S10850,Finance,2020-01-22,2020-01-22,,,False,False,6.403832991101985,6.403832991101985,,False,0.0,,5-10y,(active)
Apex Digital,S10851,Customer Service,2021-05-21,2021-05-21,2026-01-27,not happy with my boss,True,True,4.687200547570157,4.687200547570157,4.687200547570157,False,0.0,1.0,3-5y,Management/Culture
Apex Logistics,S10860,Sales,2023-10-04,2026-01-21,2026-06-17,ACCEPTED EXTERNAL OFFER,True,True,0.4024640657084189,2.702258726899384,0.4024640657084189,True,2.299794661190965,6.0,<1y,Better Opportunity
Apex Digital,S10862,Operations,2020-03-07,2020-03-07,,,False,False,6.28062970568104,6.28062970568104,,False,0.0,,5-10y,(active)
Apex Logistics,S10863,Customer Service,2017-09-16,2017-09-16,,,False,False,8.752908966461328,8.752908966461328,,False,0.0,,5-10y,(active)
Apex Manufacturing,S10866,Engineering,2020-07-03,2022-11-10,,,False,False,3.6030116358658453,5.9575633127994525,,True,2.3545516769336072,,3-5y,(active)
Apex Manufacturing,S10870,R&D,2013-06-20,2013-06-20,,,False,False,12.993839835728952,12.993839835728952,,False,0.0,,10y+,(active)
Apex Logistics,S10872,HR,2013-07-27,2013-07-27,,,False,False,12.892539356605065,12.892539356605065,,False,0.0,,10y+,(active)
Apex Digital,S10873,Engineering,2015-06-15,2015-06-15,,,False,False,11.008898015058179,11.008898015058179,,False,0.0,,10y+,(active)
Apex Logistics,S10874,Sales,2014-07-15,2014-07-15,,,False,False,11.926078028747433,11.926078028747433,,False,0.0,,10y+,(active)
Apex Manufacturing,S10877,Sales,2021-07-03,2024-04-16,2026-06-17,retirement,True,True,2.1683778234086244,4.955509924709103,2.1683778234086244,True,2.7871321013004793,6.0,2-3y,Retirement
Apex Manufacturing,S10879,Engineering,2016-10-23,2016-10-23,,,False,False,9.650924024640657,9.650924024640657,,False,0.0,,5-10y,(active)
Apex Logistics,S10880,Sales,2023-10-10,2023-10-10,2026-04-22,,True,True,2.532511978097194,2.532511978097194,2.532511978097194,False,0.0,4.0,2-3y,Unknown
Apex Retail,S10883,Engineering,2021-07-07,2021-07-07,,,False,False,4.947296372347707,4.947296372347707,,False,0.0,,3-5y,(active)
Apex Logistics,S10884,Operations,2014-11-10,2014-11-10,,,False,False,11.603011635865846,11.603011635865846,,False,0.0,,10y+,(active)
Apex Digital,S10885,HR,2025-09-10,2025-09-10,2026-01-12,,True,True,0.3394934976043806,0.3394934976043806,0.3394934976043806,False,0.0,1.0,<1y,Unknown
Apex Manufacturing,S10886,R&D,2025-12-08,2025-12-08,,,False,False,0.5256673511293635,0.5256673511293635,,False,0.0,,<1y,(active)
Apex Manufacturing,S10890,Operations,2021-10-08,2021-10-08,,,False,False,4.692676249144422,4.692676249144422,,False,0.0,,3-5y,(active)
Apex Digital,S10891,R&D,2019-11-22,2019-11-22,,,False,False,6.570841889117043,6.570841889117043,,False,0.0,,5-10y,(active)
Apex Digital,S10894,Sales,2022-06-24,2022-06-24,2026-05-06,WORK LIFE BALANCE,True,True,3.865845311430527,3.865845311430527,3.865845311430527,False,0.0,5.0,3-5y,Work-Life Balance
Apex Manufacturing,S10895,Finance,2018-05-28,2018-05-28,,,False,False,8.057494866529774,8.057494866529774,,False,0.0,,5-10y,(active)
Apex Manufacturing,S10898,Sales,2022-03-08,2022-03-08,2026-06-17,too much overtime,True,True,4.276522929500342,4.276522929500342,4.276522929500342,False,0.0,6.0,3-5y,Work-Life Balance
Apex Retail,S10899,HR,2022-03-27,2022-03-27,,,False,False,4.227241615331964,4.227241615331964,,False,0.0,,3-5y,(active)
Apex Logistics,S10902,Customer Service,2019-04-11,2019-04-11,,,False,False,7.186858316221766,7.186858316221766,,False,0.0,,5-10y,(active)
Apex Logistics,S10903,Operations,2023-02-09,2025-10-13,2026-01-21,CULTURE NOT A FIT,True,True,0.2737850787132101,2.948665297741273,0.2737850787132101,True,2.674880219028063,1.0,<1y,Management/Culture
Apex Logistics,S10905,Customer Service,2023-04-11,2023-04-11,2026-06-17,work life balance,True,True,3.184120465434634,3.184120465434634,3.184120465434634,False,0.0,6.0,3-5y,Work-Life Balance
Apex Digital,S10906,Finance,2020-10-17,2020-10-17,,,False,False,5.66735112936345,5.66735112936345,,False,0.0,,5-10y,(active)
Apex Manufacturing,S10908,R&D,2019-06-22,2020-01-22,,,False,False,6.403832991101985,6.9897330595482545,,True,0.5859000684462696,,5-10y,(active)
Apex Logistics,S10912,Sales,2025-05-01,2025-05-01,2026-01-24,REACHED RETIREMENT AGE,True,True,0.7337440109514032,0.7337440109514032,0.7337440109514032,False,0.0,1.0,<1y,Retirement
Apex Retail,S10914,R&D,2019-11-27,2019-11-27,,,False,False,6.5571526351813825,6.5571526351813825,,False,0.0,,5-10y,(active)
Apex Logistics,S10917,Engineering,2023-04-06,2023-04-06,,,False,False,3.2005475701574264,3.2005475701574264,,False,0.0,,3-5y,(active)
Apex Logistics,S10920,HR,2020-10-26,2020-10-26,,,False,False,5.642710472279261,5.642710472279261,,False,0.0,,5-10y,(active)
Apex Manufacturing,S10922,R&D,2018-10-24,2018-10-24,,,False,False,7.649555099247091,7.649555099247091,,False,0.0,,5-10y,(active)
Apex Retail,S10925,Finance,2021-01-15,2021-01-15,,,False,False,5.420944558521561,5.420944558521561,,False,0.0,,5-10y,(active)
Apex Logistics,S10926,Customer Service,2022-06-15,2022-06-15,,,False,False,4.008213552361396,4.008213552361396,,False,0.0,,3-5y,(active)
Apex Retail,S10931,R&D,2016-05-16,2016-05-16,,,False,False,10.088980150581794,10.088980150581794,,False,0.0,,10y+,(active)
Apex Retail,S10933,Engineering,2022-10-22,2022-10-22,,,False,False,3.6550308008213555,3.6550308008213555,,False,0.0,,3-5y,(active)
Apex Manufacturing,S10936,Finance,2022-10-06,2022-10-06,,,False,False,3.698836413415469,3.698836413415469,,False,0.0,,3-5y,(active)
Apex Digital,S10941,Operations,2017-12-02,2017-12-02,,,False,False,8.542094455852157,8.542094455852157,,False,0.0,,5-10y,(active)
Apex Manufacturing,S10942,Finance,2021-06-19,2021-06-19,,,False,False,4.996577686516085,4.996577686516085,,False,0.0,,3-5y,(active)
Apex Manufacturing,S10943,Operations,2016-05-29,2016-05-29,,,False,False,10.053388090349076,10.053388090349076,,False,0.0,,10y+,(active)
Apex Digital,S10945,HR,2015-05-28,2015-05-28,,,False,False,11.058179329226558,11.058179329226558,,False,0.0,,10y+,(active)
Apex Logistics,S10946,Finance,2023-09-15,2023-09-15,,,False,False,2.757015742642026,2.757015742642026,,False,0.0,,2-3y,(active)
Apex Manufacturing,S10948,Operations,2023-08-07,2023-08-07,2026-01-11,underpaid for the work,True,True,2.431211498973306,2.431211498973306,2.431211498973306,False,0.0,1.0,2-3y,Compensation
Apex Manufacturing,S10950,Finance,2019-07-19,2019-07-19,,,False,False,6.915811088295688,6.915811088295688,,False,0.0,,5-10y,(active)
Apex Manufacturing,S10953,HR,2016-07-18,2016-07-18,,,False,False,9.91649555099247,9.91649555099247,,False,0.0,,5-10y,(active)
Apex Logistics,S10954,Customer Service,2023-12-03,2023-12-03,2026-05-25,moving abroad,True,True,2.4750171115674195,2.4750171115674195,2.4750171115674195,False,0.0,5.0,2-3y,Relocation
Apex Retail,S10958,Marketing,2019-07-22,2019-07-22,,,False,False,6.907597535934292,6.907597535934292,,False,0.0,,5-10y,(active)
Apex Logistics,S10960,Finance,2017-07-25,2017-07-25,,,False,False,8.898015058179329,8.898015058179329,,False,0.0,,5-10y,(active)
Apex Manufacturing,S10964,Marketing,2023-09-20,2023-09-20,,,False,False,2.7433264887063653,2.7433264887063653,,False,0.0,,2-3y,(active)
Apex Logistics,S10966,Finance,2024-10-17,2024-10-17,,,False,False,1.6673511293634498,1.6673511293634498,,False,0.0,,1-2y,(active)
Apex Manufacturing,S10972,Engineering,2022-05-13,2024-05-30,2026-06-17,moved out of state,True,True,2.0479123887748116,4.095824777549623,2.0479123887748116,True,2.0479123887748116,6.0,2-3y,Relocation
Apex Logistics,S10973,Engineering,2014-12-12,2014-12-12,,,False,False,11.515400410677618,11.515400410677618,,False,0.0,,10y+,(active)
Apex Manufacturing,S10975,Operations,2017-10-21,2017-10-21,,,False,False,8.657084188911705,8.657084188911705,,False,0.0,,5-10y,(active)
Apex Manufacturing,S10978,Engineering,2014-10-29,2015-05-06,,,False,False,11.118412046543463,11.63586584531143,,True,0.5174537987679672,,10y+,(active)
Apex Retail,S10979,Sales,2017-09-09,2017-09-09,,,False,False,8.772073921971252,8.772073921971252,,False,0.0,,5-10y,(active)
Apex Manufacturing,S10980,Sales,2023-06-09,2023-06-09,,,False,False,3.025325119780972,3.025325119780972,,False,0.0,,3-5y,(active)
Apex Manufacturing,S10981,Operations,2020-01-10,2020-01-10,,,False,False,6.436687200547571,6.436687200547571,,False,0.0,,5-10y,(active)
Apex Manufacturing,S10982,Finance,2024-01-13,2024-01-13,,,False,False,2.428473648186174,2.428473648186174,,False,0.0,,2-3y,(active)
Apex Digital,S10983,Operations,2019-04-02,2023-03-07,,,False,False,3.2826830937713893,7.211498973305955,,True,3.9288158795345653,,3-5y,(active)
Apex Manufacturing,S10984,Operations,2019-05-01,2019-05-01,,,False,False,7.132101300479124,7.132101300479124,,False,0.0,,5-10y,(active)
Apex Digital,S10987,R&D,2020-08-30,2020-08-30,,,False,False,5.798767967145791,5.798767967145791,,False,0.0,,5-10y,(active)
Apex Logistics,S10989,Sales,2022-12-31,2022-12-31,2026-01-21,MOVING ABROAD,True,True,3.058179329226557,3.058179329226557,3.058179329226557,False,0.0,1.0,3-5y,Relocation
Apex Manufacturing,S10990,Operations,2019-10-25,2023-08-18,,,False,False,2.833675564681725,6.647501711156742,,True,3.813826146475017,,2-3y,(active)
Apex Manufacturing,S10995,Engineering,2022-09-04,2022-09-04,,,False,False,3.786447638603696,3.786447638603696,,False,0.0,,3-5y,(active)
Apex Digital,S10997,R&D,2026-01-08,2026-01-08,2026-06-17,wanted higher salary,True,True,0.4380561259411362,0.4380561259411362,0.4380561259411362,False,0.0,6.0,<1y,Compensation
Apex Logistics,S10999,Sales,2023-03-14,2025-03-30,2026-06-17,laid off,True,True,1.215605749486653,3.260780287474333,1.215605749486653,True,2.0451745379876796,6.0,1-2y,Involuntary/Performance
Apex Logistics,S11001,Operations,2018-04-30,2020-09-17,,,False,False,5.749486652977413,8.134154688569472,,True,2.3846680355920604,,5-10y,(active)
Apex Manufacturing,S11003,Finance,2016-09-19,2016-09-19,,,False,False,9.744010951403148,9.744010951403148,,False,0.0,,5-10y,(active)
Apex Retail,S11011,Sales,2023-09-03,2023-09-03,,,False,False,2.7898699520876113,2.7898699520876113,,False,0.0,,2-3y,(active)
Apex Manufacturing,S11012,HR,2022-10-03,2022-10-03,,,False,False,3.707049965776865,3.707049965776865,,False,0.0,,3-5y,(active)
Apex Retail,S11014,R&D,2020-03-02,2020-03-02,,,False,False,6.294318959616701,6.294318959616701,,False,0.0,,5-10y,(active)
Apex Manufacturing,S11015,Sales,2025-08-03,2026-04-26,,,False,False,0.14510609171800137,0.8733744010951403,,True,0.7282683093771389,,<1y,(active)
Apex Retail,S11016,Operations,2025-01-09,2025-01-09,2026-01-08,LET GO,True,True,0.9965776865160849,0.9965776865160849,0.9965776865160849,False,0.0,1.0,<1y,Involuntary/Performance
Apex Manufacturing,S11021,Engineering,2016-04-03,2016-04-03,,,False,False,10.206707734428473,10.206707734428473,,False,0.0,,10y+,(active)
Apex Digital,S11022,R&D,2018-04-29,2019-12-21,,,False,False,6.491444216290212,8.136892539356605,,True,1.6454483230663928,,5-10y,(active)
Apex Manufacturing,S11024,Finance,2021-03-31,2025-02-04,2026-01-29,,True,True,0.9828884325804244,4.832306639288158,0.9828884325804244,True,3.8494182067077345,1.0,<1y,Unknown
Apex Retail,S11025,R&D,2017-03-29,2017-03-29,,,False,False,9.221081451060916,9.221081451060916,,False,0.0,,5-10y,(active)
Apex Logistics,S11026,Sales,2025-06-25,2026-02-20,,,False,False,0.32306639288158795,0.9801505817932923,,True,0.6570841889117043,,<1y,(active)
Apex Digital,S11027,R&D,2023-10-10,2026-03-25,,,False,False,0.2327173169062286,2.6885694729637235,,True,2.455852156057495,,<1y,(active)
Apex Manufacturing,S11034,Customer Service,2023-12-13,2023-12-13,,,False,False,2.513347022587269,2.513347022587269,,False,0.0,,2-3y,(active)
Apex Digital,S11035,Engineering,2019-08-21,2019-08-21,,,False,False,6.825462012320329,6.825462012320329,,False,0.0,,5-10y,(active)
Apex Digital,S11036,Customer Service,2017-06-09,2017-06-09,,,False,False,9.023956194387406,9.023956194387406,,False,0.0,,5-10y,(active)
Apex Logistics,S11038,Operations,2024-09-22,2024-09-22,,,False,False,1.7357973990417521,1.7357973990417521,,False,0.0,,1-2y,(active)
Apex Manufacturing,S11041,Finance,2017-05-06,2017-05-06,,,False,False,9.117043121149898,9.117043121149898,,False,0.0,,5-10y,(active)
Apex Manufacturing,S11044,Sales,2023-04-18,2023-04-18,,,False,False,3.167693360711841,3.167693360711841,,False,0.0,,3-5y,(active)
Apex Manufacturing,S11045,HR,2025-04-14,2025-04-14,,,False,False,1.1772758384668036,1.1772758384668036,,False,0.0,,1-2y,(active)
Apex Manufacturing,S11046,Customer Service,2024-01-26,2024-01-26,,,False,False,2.3928815879534566,2.3928815879534566,,False,0.0,,2-3y,(active)
Apex Logistics,S11047,Engineering,2018-09-05,2018-09-05,,,False,False,7.783709787816564,7.783709787816564,,False,0.0,,5-10y,(active)
Apex Retail,S11048,Operations,2020-12-03,2020-12-03,,,False,False,5.538672142368241,5.538672142368241,,False,0.0,,5-10y,(active)
Apex Logistics,S11050,Operations,2017-12-16,2017-12-16,,,False,False,8.503764544832306,8.503764544832306,,False,0.0,,5-10y,(active)
Apex Manufacturing,S11052,Sales,2015-02-01,2015-02-01,,,False,False,11.375770020533881,11.375770020533881,,False,0.0,,10y+,(active)
Apex Retail,S11054,HR,2013-12-15,2013-12-15,,,False,False,12.506502395619439,12.506502395619439,,False,0.0,,10y+,(active)
Apex Logistics,S11055,Finance,2018-07-31,2018-07-31,,,False,False,7.882272416153319,7.882272416153319,,False,0.0,,5-10y,(active)
Apex Retail,S11062,HR,2025-03-27,2025-12-25,,,False,False,0.4791238877481177,1.2265571526351813,,True,0.7474332648870636,,<1y,(active)
Apex Retail,S11063,Finance,2020-11-20,2024-07-05,,,False,False,1.9520876112251881,5.574264202600959,,True,3.62217659137577,,1-2y,(active)
Apex Logistics,S11064,Engineering,2019-07-29,2019-07-29,,,False,False,6.888432580424367,6.888432580424367,,False,0.0,,5-10y,(active)
Apex Retail,S11066,Customer Service,2016-01-31,2016-01-31,,,False,False,10.379192334017796,10.379192334017796,,False,0.0,,10y+,(active)
Apex Retail,S11069,Finance,2017-11-21,2021-05-14,,,False,False,5.0951403148528405,8.572210814510608,,True,3.477070499657769,,5-10y,(active)
Apex Retail,S11075,Marketing,2021-11-15,2021-11-15,,,False,False,4.588637919233402,4.588637919233402,,False,0.0,,3-5y,(active)
Apex Manufacturing,S11078,Operations,2019-08-30,2019-08-30,2026-01-19,personal reasons,True,True,6.3901437371663246,6.3901437371663246,6.3901437371663246,False,0.0,1.0,5-10y,Personal/Health
Apex Logistics,S11079,HR,2018-05-17,2020-01-27,,,False,False,6.3901437371663246,8.087611225188228,,True,1.6974674880219027,,5-10y,(active)
Apex Logistics,S11085,Finance,2016-07-16,2017-03-17,,,False,False,9.253935660506503,9.921971252566735,,True,0.6680355920602327,,5-10y,(active)
Apex Manufacturing,S11087,Operations,2023-12-20,2023-12-20,2026-01-21,poor leadership,True,True,2.088980150581793,2.088980150581793,2.088980150581793,False,0.0,1.0,2-3y,Management/Culture
Apex Manufacturing,S11090,R&D,2021-03-27,2021-03-27,,,False,False,5.2265571526351815,5.2265571526351815,,False,0.0,,5-10y,(active)
Apex Digital,S11093,HR,2022-01-07,2022-01-07,,,False,False,4.4435318275154,4.4435318275154,,False,0.0,,3-5y,(active)
Apex Manufacturing,S11094,Operations,2023-03-05,2023-03-05,,,False,False,3.2881587953456535,3.2881587953456535,,False,0.0,,3-5y,(active)
Apex Retail,S11096,Operations,2024-12-16,2024-12-16,2026-06-17,  new role at competitor .,True,True,1.5003422313483916,1.5003422313483916,1.5003422313483916,False,0.0,6.0,1-2y,Better Opportunity
Apex Retail,S11097,Customer Service,2019-11-05,2019-11-05,,,False,False,6.617385352498289,6.617385352498289,,False,0.0,,5-10y,(active)
Apex Manufacturing,S11099,Customer Service,2024-07-20,2025-03-31,,,False,False,1.215605749486653,1.9110198494182067,,True,0.6954140999315537,,1-2y,(active)
Apex Manufacturing,S11100,Operations,2024-09-23,2024-09-23,2026-06-17,no advancement opportunities,True,True,1.730321697467488,1.730321697467488,1.730321697467488,False,0.0,6.0,1-2y,Career Growth
Apex Manufacturing,S11103,Operations,2023-03-02,2023-03-02,,,False,False,3.29637234770705,3.29637234770705,,False,0.0,,3-5y,(active)
Apex Retail,S11104,R&D,2015-01-17,2015-01-17,,,False,False,11.416837782340862,11.416837782340862,,False,0.0,,10y+,(active)
Apex Manufacturing,S11107,R&D,2023-07-02,2023-07-02,,,False,False,2.9623545516769334,2.9623545516769334,,False,0.0,,2-3y,(active)
Apex Logistics,S11108,R&D,2019-08-06,2019-08-06,,,False,False,6.86652977412731,6.86652977412731,,False,0.0,,5-10y,(active)
Apex Retail,S11110,HR,2022-06-29,2022-06-29,,,False,False,3.969883641341547,3.969883641341547,,False,0.0,,3-5y,(active)
Apex Manufacturing,S11111,Operations,2024-05-26,2024-05-26,,,False,False,2.0616016427104724,2.0616016427104724,,False,0.0,,2-3y,(active)
Apex Manufacturing,S11112,R&D,2019-01-28,2019-01-28,,,False,False,7.38672142368241,7.38672142368241,,False,0.0,,5-10y,(active)
Apex Manufacturing,S11114,HR,2022-05-26,2022-05-26,,,False,False,4.0629705681040384,4.0629705681040384,,False,0.0,,3-5y,(active)
Apex Manufacturing,S11120,Sales,2025-08-03,2025-08-03,,,False,False,0.8733744010951403,0.8733744010951403,,False,0.0,,<1y,(active)
Apex Manufacturing,S11124,Sales,2020-11-12,2022-05-10,,,False,False,4.1067761806981515,5.596167008898015,,True,1.4893908281998631,,3-5y,(active)
Apex Manufacturing,S11126,R&D,2025-05-01,2026-01-05,2026-06-17,work life balance,True,True,0.4462696783025325,1.1279945242984257,0.4462696783025325,True,0.6817248459958932,6.0,<1y,Work-Life Balance
Apex Logistics,S11127,Sales,2018-05-21,2018-05-21,,,False,False,8.0766598220397,8.0766598220397,,False,0.0,,5-10y,(active)
Apex Manufacturing,S11128,Finance,2020-03-06,2020-03-06,,,False,False,6.283367556468172,6.283367556468172,,False,0.0,,5-10y,(active)
Apex Retail,S11130,Customer Service,2022-01-28,2024-09-12,2026-01-22,wanted more challenge,True,True,1.3607118412046544,3.9835728952772076,1.3607118412046544,True,2.622861054072553,1.0,1-2y,Career Growth
Apex Manufacturing,S11137,HR,2016-12-27,2016-12-27,,,False,False,9.47296372347707,9.47296372347707,,False,0.0,,5-10y,(active)
Apex Logistics,S11138,HR,2023-06-18,2023-06-18,,,False,False,3.0006844626967832,3.0006844626967832,,False,0.0,,3-5y,(active)
Apex Retail,S11139,Sales,2022-10-28,2022-10-28,2026-01-11,underpaid for the work,True,True,3.2060232717316905,3.2060232717316905,3.2060232717316905,False,0.0,1.0,3-5y,Compensation
Apex Manufacturing,S11140,Finance,2015-11-09,2015-11-09,,,False,False,10.60643394934976,10.60643394934976,,False,0.0,,10y+,(active)
Apex Manufacturing,S11141,Engineering,2022-11-25,2022-11-25,,,False,False,3.561943874058864,3.561943874058864,,False,0.0,,3-5y,(active)
Apex Manufacturing,S11142,Operations,2025-01-20,2025-01-20,,,False,False,1.4072553045859,1.4072553045859,,False,0.0,,1-2y,(active)
Apex Retail,S11143,Operations,2020-02-07,2020-02-07,,,False,False,6.360027378507871,6.360027378507871,,False,0.0,,5-10y,(active)
Apex Logistics,S11147,Operations,2022-10-26,2022-10-26,,,False,False,3.6440793976728267,3.6440793976728267,,False,0.0,,3-5y,(active)
Apex Retail,S11148,R&D,2021-04-07,2021-04-07,,,False,False,5.196440793976728,5.196440793976728,,False,0.0,,5-10y,(active)
Apex Manufacturing,S11149,Marketing,2022-11-08,2022-11-08,,,False,False,3.6084873374401094,3.6084873374401094,,False,0.0,,3-5y,(active)
Apex Manufacturing,S11159,Operations,2017-04-03,2017-04-03,,,False,False,9.207392197125257,9.207392197125257,,False,0.0,,5-10y,(active)
Apex Manufacturing,S11160,R&D,2017-11-30,2017-11-30,,,False,False,8.54757015742642,8.54757015742642,,False,0.0,,5-10y,(active)
Apex Manufacturing,S11162,Marketing,2022-06-24,2022-06-24,,,False,False,3.9835728952772076,3.9835728952772076,,False,0.0,,3-5y,(active)
Apex Manufacturing,S11164,Operations,2024-11-27,2024-11-27,,,False,False,1.5550992470910336,1.5550992470910336,,False,0.0,,1-2y,(active)
Apex Manufacturing,S11167,R&D,2020-05-02,2020-05-02,,,False,False,6.1273100616016425,6.1273100616016425,,False,0.0,,5-10y,(active)
Apex Retail,S11168,Operations,2021-07-07,2021-07-07,2026-01-05,offer i couldnt refuse,True,True,4.498288843258043,4.498288843258043,4.498288843258043,False,0.0,1.0,3-5y,Better Opportunity
Apex Retail,S11171,Finance,2022-06-28,2022-06-28,,,False,False,3.972621492128679,3.972621492128679,,False,0.0,,3-5y,(active)
Apex Manufacturing,S11174,Engineering,2022-02-03,2024-02-27,,,False,False,2.305270362765229,4.369609856262834,,True,2.0643394934976045,,2-3y,(active)
Apex Digital,S11175,Sales,2025-03-10,2025-03-10,2026-06-11,offer i couldnt refuse,True,True,1.2539356605065024,1.2539356605065024,1.2539356605065024,False,0.0,6.0,1-2y,Better Opportunity
Apex Manufacturing,S11176,R&D,2024-01-25,2024-01-25,,,False,False,2.3956194387405887,2.3956194387405887,,False,0.0,,2-3y,(active)
Apex Logistics,S11178,Sales,2023-12-19,2023-12-19,,,False,False,2.4969199178644765,2.4969199178644765,,False,0.0,,2-3y,(active)
Apex Logistics,S11187,Engineering,2023-05-08,2025-04-13,,,False,False,1.1800136892539357,3.1129363449691994,,True,1.9329226557152634,,1-2y,(active)
Apex Retail,S11188,Finance,2024-11-16,2024-11-16,2026-01-17,poor leadership,True,True,1.1690622861054072,1.1690622861054072,1.1690622861054072,False,0.0,1.0,1-2y,Management/Culture
Apex Logistics,S11190,Finance,2018-10-18,2020-10-24,,,False,False,5.648186173853525,7.665982203969883,,True,2.0177960301163584,,5-10y,(active)
Apex Manufacturing,S11192,Engineering,2025-02-21,2025-02-21,,,False,False,1.319644079397673,1.319644079397673,,False,0.0,,1-2y,(active)
Apex Digital,S11195,R&D,2020-06-12,2020-06-12,,,False,False,6.015058179329227,6.015058179329227,,False,0.0,,5-10y,(active)
Apex Manufacturing,S11196,Engineering,2015-10-28,2015-10-28,,,False,False,10.639288158795345,10.639288158795345,,False,0.0,,10y+,(active)
Apex Retail,S11197,R&D,2022-06-21,2022-06-21,,,False,False,3.991786447638604,3.991786447638604,,False,0.0,,3-5y,(active)
Apex Retail,S11200,Sales,2017-12-29,2017-12-29,,,False,False,8.46817248459959,8.46817248459959,,False,0.0,,5-10y,(active)
Apex Manufacturing,S11201,Operations,2015-12-31,2019-02-05,,,False,False,7.364818617385352,10.464065708418891,,True,3.0992470910335386,,5-10y,(active)
Apex Manufacturing,S11207,Engineering,2025-06-26,2026-04-05,,,False,False,0.2026009582477755,0.9774127310061602,,True,0.7748117727583846,,<1y,(active)
Apex Manufacturing,S11208,HR,2020-04-16,2020-04-16,,,False,False,6.1711156741957565,6.1711156741957565,,False,0.0,,5-10y,(active)
Apex Digital,S11209,Operations,2022-07-22,2022-07-22,2026-01-05,"maternity, did not return",True,True,3.457905544147844,3.457905544147844,3.457905544147844,False,0.0,1.0,3-5y,Personal/Health
Apex Manufacturing,S11210,Sales,2024-04-21,2024-04-21,,,False,False,2.1574264202600957,2.1574264202600957,,False,0.0,,2-3y,(active)
Apex Logistics,S11216,Finance,2014-08-17,2014-08-17,,,False,False,11.835728952772074,11.835728952772074,,False,0.0,,10y+,(active)
Apex Manufacturing,S11218,Finance,2021-03-11,2021-03-11,,,False,False,5.270362765229295,5.270362765229295,,False,0.0,,5-10y,(active)
Apex Retail,S11220,Finance,2015-03-14,2015-03-14,,,False,False,11.263518138261464,11.263518138261464,,False,0.0,,10y+,(active)
Apex Retail,S11221,Engineering,2022-08-09,2022-08-09,,,False,False,3.8576317590691307,3.8576317590691307,,False,0.0,,3-5y,(active)
Apex Digital,S11224,Engineering,2020-09-05,2020-09-05,,,False,False,5.782340862422998,5.782340862422998,,False,0.0,,5-10y,(active)
Apex Retail,S11227,Finance,2020-06-20,2023-06-03,,,False,False,3.0417522245037647,5.993155373032169,,True,2.951403148528405,,3-5y,(active)
Apex Manufacturing,S11233,Operations,2017-02-12,2017-02-12,,,False,False,9.344284736481862,9.344284736481862,,False,0.0,,5-10y,(active)
Apex Manufacturing,S11236,HR,2025-01-01,2025-01-01,,,False,False,1.45927446954141,1.45927446954141,,False,0.0,,1-2y,(active)
Apex Retail,S11239,Finance,2017-07-02,2017-07-02,,,False,False,8.960985626283367,8.960985626283367,,False,0.0,,5-10y,(active)
Apex Logistics,S11240,Operations,2022-04-17,2024-11-08,,,False,False,1.6071184120465434,4.16974674880219,,True,2.5626283367556466,,1-2y,(active)
Apex Logistics,S11244,Engineering,2021-05-09,2021-05-09,,,False,False,5.108829568788501,5.108829568788501,,False,0.0,,5-10y,(active)
Apex Manufacturing,S11246,Finance,2020-09-26,2020-09-26,,,False,False,5.724845995893224,5.724845995893224,,False,0.0,,5-10y,(active)
Apex Manufacturing,S11249,Operations,2022-03-21,2023-07-01,,,False,False,2.965092402464066,4.243668720054757,,True,1.2785763175906912,,2-3y,(active)
Apex Retail,S11251,Engineering,2020-06-03,2022-02-15,,,False,False,4.336755646817249,6.039698836413415,,True,1.702943189596167,,3-5y,(active)
Apex Logistics,S11253,R&D,2019-04-29,2019-04-29,,,False,False,7.137577002053388,7.137577002053388,,False,0.0,,5-10y,(active)
Apex Retail,S11256,Customer Service,2025-01-22,2025-01-22,2026-05-20,Better pay package,True,True,1.322381930184805,1.322381930184805,1.322381930184805,False,0.0,5.0,1-2y,Compensation
Apex Logistics,S11258,Engineering,2020-07-23,2022-08-27,,,False,False,3.808350444900753,5.90280629705681,,True,2.0944558521560577,,3-5y,(active)
Apex Retail,S11259,Operations,2021-12-05,2021-12-05,,,False,False,4.5338809034907595,4.5338809034907595,,False,0.0,,3-5y,(active)
Apex Logistics,S11260,Operations,2024-05-19,2024-05-19,2026-03-02,no advancement opportunities,True,True,1.78507871321013,1.78507871321013,1.78507871321013,False,0.0,3.0,1-2y,Career Growth
Apex Manufacturing,S11261,Customer Service,2024-12-29,2024-12-29,,,False,False,1.4674880219028064,1.4674880219028064,,False,0.0,,1-2y,(active)
Apex Digital,S11262,Sales,2025-01-05,2025-01-05,2026-03-31,limited career progression,True,True,1.2320328542094456,1.2320328542094456,1.2320328542094456,False,0.0,3.0,1-2y,Career Growth
Apex Manufacturing,S11267,Operations,2023-05-10,2025-09-11,,,False,False,0.7665982203969883,3.1074606433949348,,True,2.3408624229979464,,<1y,(active)
Apex Manufacturing,S11269,Sales,2025-10-24,2026-04-24,,,False,False,0.15058179329226556,0.648870636550308,,True,0.49828884325804246,,<1y,(active)
Apex Manufacturing,S11272,Operations,2021-05-27,2021-05-27,,,False,False,5.059548254620124,5.059548254620124,,False,0.0,,5-10y,(active)
Apex Manufacturing,S11282,Operations,2020-04-21,2020-04-21,,,False,False,6.157426420260096,6.157426420260096,,False,0.0,,5-10y,(active)
Apex Retail,S11286,Operations,2024-04-16,2026-02-03,2026-06-17,TOXIC TEAM CULTURE,True,True,0.3668720054757016,2.1683778234086244,0.3668720054757016,True,1.8015058179329226,6.0,<1y,Management/Culture
Apex Logistics,S11290,Finance,2022-03-09,2022-03-09,,,False,False,4.276522929500342,4.276522929500342,,False,0.0,,3-5y,(active)
Apex Logistics,S11292,Operations,2023-11-07,2025-06-06,2026-06-17,salary not competitive,True,True,1.0294318959616702,2.6091718001368926,1.0294318959616702,True,1.5797399041752225,6.0,1-2y,Compensation
Apex Retail,S11296,Engineering,2021-12-24,2021-12-24,,,False,False,4.48186173853525,4.48186173853525,,False,0.0,,3-5y,(active)
Apex Manufacturing,S11298,Finance,2017-02-16,2017-02-16,,,False,False,9.333333333333334,9.333333333333334,,False,0.0,,5-10y,(active)
Apex Manufacturing,S11300,Operations,2025-07-11,2025-07-11,2026-01-19,  compensation issues .,True,True,0.5256673511293635,0.5256673511293635,0.5256673511293635,False,0.0,1.0,<1y,Compensation
Apex Manufacturing,S11303,R&D,2017-02-23,2017-02-23,,,False,False,9.314168377823409,9.314168377823409,,False,0.0,,5-10y,(active)
Apex Logistics,S11307,Engineering,2013-06-24,2013-06-24,,,False,False,12.982888432580424,12.982888432580424,,False,0.0,,10y+,(active)
Apex Manufacturing,S11310,Engineering,2024-04-13,2024-04-13,,,False,False,2.1793292265571527,2.1793292265571527,,False,0.0,,2-3y,(active)
Apex Retail,S11314,Marketing,2021-10-31,2025-09-22,2026-06-17,got a better offer elsewhere,True,True,0.7337440109514032,4.6269678302532515,0.7337440109514032,True,3.893223819301848,6.0,<1y,Better Opportunity
Apex Manufacturing,S11319,Customer Service,2018-11-10,2021-03-02,,,False,False,5.295003422313484,7.603011635865846,,True,2.308008213552361,,5-10y,(active)
Apex Manufacturing,S11321,Engineering,2022-11-02,2022-11-02,,,False,False,3.6249144421629023,3.6249144421629023,,False,0.0,,3-5y,(active)
Apex Digital,S11323,Operations,2020-08-02,2020-08-02,,,False,False,5.87542778918549,5.87542778918549,,False,0.0,,5-10y,(active)
Apex Manufacturing,S11324,Operations,2022-01-10,2025-01-31,2026-06-17,TOXIC TEAM CULTURE,True,True,1.374401095140315,4.432580424366872,1.374401095140315,True,3.058179329226557,6.0,1-2y,Management/Culture
Apex Manufacturing,S11326,Sales,2020-04-22,2024-01-10,2026-06-17,bad manager,True,True,2.433949349760438,6.151950718685832,2.433949349760438,True,3.7180013689253935,6.0,2-3y,Management/Culture
Apex Manufacturing,S11330,Operations,2019-04-09,2019-04-09,,,False,False,7.19233401779603,7.19233401779603,,False,0.0,,5-10y,(active)
Apex Manufacturing,S11332,Operations,2019-01-11,2019-01-11,,,False,False,7.433264887063655,7.433264887063655,,False,0.0,,5-10y,(active)
Apex Manufacturing,S11334,Marketing,2019-10-03,2019-10-03,,,False,False,6.707734428473648,6.707734428473648,,False,0.0,,5-10y,(active)
Apex Logistics,S11337,Operations,2025-06-15,2025-06-15,,,False,False,1.0075290896646132,1.0075290896646132,,False,0.0,,1-2y,(active)
Apex Logistics,S11338,R&D,2017-05-27,2021-01-05,,,False,False,5.448323066392882,9.059548254620124,,True,3.6112251882272415,,5-10y,(active)
Apex Logistics,S11339,Operations,2018-09-07,2018-09-07,,,False,False,7.7782340862423,7.7782340862423,,False,0.0,,5-10y,(active)
Apex Logistics,S11341,Engineering,2023-08-06,2023-08-06,2026-01-01,underpaid for the work,True,True,2.406570841889117,2.406570841889117,2.406570841889117,False,0.0,1.0,2-3y,Compensation
Apex Logistics,S11342,Engineering,2026-03-21,2026-03-21,,,False,False,0.243668720054757,0.243668720054757,,False,0.0,,<1y,(active)
Apex Manufacturing,S11343,Engineering,2025-03-10,2025-03-10,,,False,False,1.273100616016427,1.273100616016427,,False,0.0,,1-2y,(active)
Apex Manufacturing,S11345,Customer Service,2021-01-07,2022-03-04,,,False,False,4.290212183436003,5.4428473648186175,,True,1.1526351813826146,,3-5y,(active)
Apex Logistics,S11346,Marketing,2018-09-27,2018-09-27,,,False,False,7.723477070499658,7.723477070499658,,False,0.0,,5-10y,(active)
Apex Digital,S11347,Operations,2024-09-23,2024-09-23,,,False,False,1.73305954825462,1.73305954825462,,False,0.0,,1-2y,(active)
Apex Logistics,S11349,HR,2020-06-05,2020-06-05,,,False,False,6.034223134839151,6.034223134839151,,False,0.0,,5-10y,(active)
Apex Manufacturing,S11352,HR,2021-06-25,2024-11-01,,,False,False,1.626283367556468,4.980150581793292,,True,3.353867214236824,,1-2y,(active)
Apex Manufacturing,S11353,Finance,2021-05-20,2022-07-21,,,False,False,3.909650924024641,5.078713210130048,,True,1.1690622861054072,,3-5y,(active)
Apex Manufacturing,S11359,R&D,2017-10-24,2017-10-24,,,False,False,8.648870636550308,8.648870636550308,,False,0.0,,5-10y,(active)
Apex Manufacturing,S11361,Operations,2018-05-05,2018-05-05,,,False,False,8.120465434633813,8.120465434633813,,False,0.0,,5-10y,(active)
Apex Manufacturing,S11364,Operations,2021-02-27,2021-02-27,,,False,False,5.30321697467488,5.30321697467488,,False,0.0,,5-10y,(active)
Apex Retail,S11366,Sales,2021-08-22,2022-05-17,,,False,False,4.087611225188227,4.82135523613963,,True,0.7337440109514032,,3-5y,(active)
Apex Manufacturing,S11369,Operations,2022-10-06,2022-10-06,,,False,False,3.698836413415469,3.698836413415469,,False,0.0,,3-5y,(active)
Apex Manufacturing,S11370,Sales,2024-03-17,2024-10-20,2026-06-17,LACK OF PROMOTION,True,True,1.6563997262149213,2.2505133470225873,1.6563997262149213,True,0.5941136208076659,6.0,1-2y,Career Growth
Apex Logistics,S11374,Sales,2021-01-09,2021-01-09,,,False,False,5.437371663244353,5.437371663244353,,False,0.0,,5-10y,(active)
Apex Manufacturing,S11375,Marketing,2014-02-21,2014-02-21,,,False,False,12.320328542094456,12.320328542094456,,False,0.0,,10y+,(active)
Apex Logistics,S11377,Operations,2023-03-18,2023-03-18,,,False,False,3.252566735112936,3.252566735112936,,False,0.0,,3-5y,(active)
Apex Logistics,S11378,Engineering,2019-11-15,2019-11-15,,,False,False,6.590006844626968,6.590006844626968,,False,0.0,,5-10y,(active)
Apex Logistics,S11380,Engineering,2022-01-02,2022-01-02,,,False,False,4.457221081451061,4.457221081451061,,False,0.0,,3-5y,(active)
Apex Manufacturing,S11381,Engineering,2015-01-16,2015-01-16,,,False,False,11.419575633127995,11.419575633127995,,False,0.0,,10y+,(active)
Apex Digital,S11387,Engineering,2018-09-24,2018-09-24,,,False,False,7.731690622861054,7.731690622861054,,False,0.0,,5-10y,(active)
Apex Retail,S11388,R&D,2021-08-27,2021-08-27,,,False,False,4.80766598220397,4.80766598220397,,False,0.0,,3-5y,(active)
Apex Manufacturing,S11391,Operations,2017-02-17,2018-04-23,,,False,False,8.153319644079398,9.330595482546201,,True,1.1772758384668036,,5-10y,(active)
Apex Manufacturing,S11392,Customer Service,2024-09-01,2024-09-01,,,False,False,1.7932922655715264,1.7932922655715264,,False,0.0,,1-2y,(active)
Apex Digital,S11394,Marketing,2020-08-23,2021-12-03,,,False,False,4.539356605065024,5.817932922655715,,True,1.2785763175906912,,3-5y,(active)
Apex Manufacturing,S11395,Engineering,2021-05-29,2021-05-29,,,False,False,5.054072553045859,5.054072553045859,,False,0.0,,5-10y,(active)
Apex Retail,S11397,HR,2023-03-14,2023-03-14,,,False,False,3.263518138261465,3.263518138261465,,False,0.0,,3-5y,(active)
Apex Manufacturing,S11398,Finance,2018-07-31,2018-07-31,,,False,False,7.882272416153319,7.882272416153319,,False,0.0,,5-10y,(active)
Apex Retail,S11400,Finance,2022-09-20,2022-09-20,,,False,False,3.7426420260095825,3.7426420260095825,,False,0.0,,3-5y,(active)
Apex Manufacturing,S11401,HR,2025-06-24,2025-06-24,2026-06-17,bad manager,True,True,0.9801505817932923,0.9801505817932923,0.9801505817932923,False,0.0,6.0,<1y,Management/Culture
Apex Manufacturing,S11402,R&D,2022-10-30,2025-10-28,,,False,False,0.6379192334017796,3.6331279945242985,,True,2.9952087611225187,,<1y,(active)
Apex Manufacturing,S11404,Finance,2020-04-04,2020-04-04,,,False,False,6.203969883641341,6.203969883641341,,False,0.0,,5-10y,(active)
Apex Logistics,S11406,Customer Service,2022-11-19,2024-04-13,,,False,False,2.1793292265571527,3.578370978781656,,True,1.3990417522245038,,2-3y,(active)
Apex Retail,S11408,Customer Service,2016-06-24,2017-08-02,,,False,False,8.876112251882272,9.982203969883642,,True,1.106091718001369,,5-10y,(active)
Apex Retail,S11409,Engineering,2025-01-22,2026-01-05,2026-06-17,let go,True,True,0.4462696783025325,1.3990417522245038,0.4462696783025325,True,0.9527720739219713,6.0,<1y,Involuntary/Performance
Apex Manufacturing,S11412,Sales,2024-10-27,2025-07-05,2026-06-17,limited career progression,True,True,0.9500342231348392,1.6372347707049966,0.9500342231348392,True,0.6872005475701575,6.0,<1y,Career Growth
Apex Manufacturing,S11414,HR,2016-03-23,2016-03-23,,,False,False,10.236824093086927,10.236824093086927,,False,0.0,,10y+,(active)
Apex Retail,S11415,Sales,2022-12-19,2026-02-07,2026-06-17,burnt out,True,True,0.35592060232717315,3.4934976043805612,0.35592060232717315,True,3.137577002053388,6.0,<1y,Work-Life Balance
Apex Logistics,S11416,Engineering,2021-06-03,2021-06-03,,,False,False,5.040383299110198,5.040383299110198,,False,0.0,,5-10y,(active)
Apex Manufacturing,S11417,Finance,2022-01-09,2022-01-09,,,False,False,4.438056125941136,4.438056125941136,,False,0.0,,3-5y,(active)
Apex Manufacturing,S11423,Operations,2021-12-16,2025-04-15,,,False,False,1.1745379876796715,4.503764544832307,,True,3.3292265571526354,,1-2y,(active)
Apex Retail,S11424,Finance,2021-10-22,2021-10-22,,,False,False,4.654346338124572,4.654346338124572,,False,0.0,,3-5y,(active)
Apex Manufacturing,S11426,Sales,2017-03-01,2017-03-01,,,False,False,9.297741273100616,9.297741273100616,,False,0.0,,5-10y,(active)
Apex Logistics,S11428,Sales,2024-03-15,2024-03-15,,,False,False,2.2587268993839835,2.2587268993839835,,False,0.0,,2-3y,(active)
Apex Logistics,S11429,Engineering,2024-06-23,2024-06-23,,,False,False,1.9849418206707734,1.9849418206707734,,False,0.0,,1-2y,(active)
Apex Retail,S11430,Engineering,2017-07-19,2017-07-19,,,False,False,8.914442162902121,8.914442162902121,,False,0.0,,5-10y,(active)
Apex Manufacturing,S11431,Customer Service,2024-04-06,2024-04-06,,,False,False,2.198494182067077,2.198494182067077,,False,0.0,,2-3y,(active)
Apex Logistics,S11432,Engineering,2025-07-31,2026-02-17,,,False,False,0.33127994524298426,0.8815879534565366,,True,0.5503080082135524,,<1y,(active)
Apex Retail,S11433,Engineering,2016-05-24,2016-05-24,,,False,False,10.067077344284737,10.067077344284737,,False,0.0,,10y+,(active)
Apex Logistics,S11434,Sales,2020-12-24,2020-12-24,,,False,False,5.4811772758384665,5.4811772758384665,,False,0.0,,5-10y,(active)
Apex Manufacturing,S11436,Operations,2022-03-16,2022-03-16,2026-06-17,moving abroad,True,True,4.254620123203286,4.254620123203286,4.254620123203286,False,0.0,6.0,3-5y,Relocation
Apex Manufacturing,S11438,Marketing,2025-01-21,2025-01-21,2026-01-24,"maternity, did not return",True,True,1.0075290896646132,1.0075290896646132,1.0075290896646132,False,0.0,1.0,1-2y,Personal/Health
Apex Logistics,S11439,Customer Service,2021-11-26,2021-11-26,,,False,False,4.558521560574949,4.558521560574949,,False,0.0,,3-5y,(active)
Apex Logistics,S11442,Marketing,2024-02-06,2024-02-06,2026-04-07,pay too low,True,True,2.1656399726214923,2.1656399726214923,2.1656399726214923,False,0.0,4.0,2-3y,Compensation
Apex Manufacturing,S11447,Operations,2020-09-21,2020-09-21,,,False,False,5.738535249828884,5.738535249828884,,False,0.0,,5-10y,(active)
Apex Retail,S11449,Finance,2020-12-29,2020-12-29,,,False,False,5.467488021902806,5.467488021902806,,False,0.0,,5-10y,(active)
Apex Manufacturing,S11450,Operations,2023-01-24,2025-06-15,,,False,False,1.0075290896646132,3.3976728268309375,,True,2.3901437371663246,,1-2y,(active)
Apex Digital,S11453,Engineering,2021-12-13,2025-10-14,2026-01-12,pay too low,True,True,0.2464065708418891,4.082135523613963,0.2464065708418891,True,3.8357289527720737,1.0,<1y,Compensation
Apex Manufacturing,S11459,HR,2022-12-17,2022-12-17,,,False,False,3.5017111567419574,3.5017111567419574,,False,0.0,,3-5y,(active)
Apex Logistics,S11460,Engineering,2022-02-17,2022-02-17,,,False,False,4.331279945242985,4.331279945242985,,False,0.0,,3-5y,(active)
Apex Manufacturing,S11468,Engineering,2021-09-19,2021-09-19,,,False,False,4.744695414099931,4.744695414099931,,False,0.0,,3-5y,(active)
Apex Manufacturing,S11470,Engineering,2023-09-13,2023-09-13,2026-02-11,bad manager,True,True,2.414784394250513,2.414784394250513,2.414784394250513,False,0.0,2.0,2-3y,Management/Culture
Apex Manufacturing,S11473,R&D,2024-05-22,2024-05-22,,,False,False,2.0725530458590007,2.0725530458590007,,False,0.0,,2-3y,(active)
Apex Manufacturing,S11477,Engineering,2023-06-30,2024-10-19,,,False,False,1.6618754277891854,2.967830253251198,,True,1.3059548254620124,,1-2y,(active)
Apex Manufacturing,S11478,Customer Service,2024-11-29,2024-11-29,,,False,False,1.5496235455167693,1.5496235455167693,,False,0.0,,1-2y,(active)
Apex Retail,S11482,Engineering,2023-09-30,2023-09-30,,,False,False,2.7159479808350446,2.7159479808350446,,False,0.0,,2-3y,(active)
Apex Digital,S11483,Operations,2022-12-04,2022-12-04,,,False,False,3.5373032169746748,3.5373032169746748,,False,0.0,,3-5y,(active)
Apex Manufacturing,S11485,Finance,2017-04-22,2017-04-22,,,False,False,9.155373032169747,9.155373032169747,,False,0.0,,5-10y,(active)
Apex Retail,S11487,Engineering,2023-08-14,2023-08-14,,,False,False,2.844626967830253,2.844626967830253,,False,0.0,,2-3y,(active)
Apex Retail,S11488,Operations,2025-04-14,2025-04-14,2026-06-17,offer i couldnt refuse,True,True,1.1745379876796715,1.1745379876796715,1.1745379876796715,False,0.0,6.0,1-2y,Better Opportunity
Apex Logistics,S11490,R&D,2022-06-30,2022-06-30,,,False,False,3.9671457905544147,3.9671457905544147,,False,0.0,,3-5y,(active)
Apex Manufacturing,S11497,Operations,2014-10-23,2015-11-02,,,False,False,10.625598904859686,11.652292950034223,,True,1.0266940451745379,,10y+,(active)
Apex Manufacturing,S11500,Operations,2025-08-05,2025-08-05,2026-06-17,underpaid for the work,True,True,0.865160848733744,0.865160848733744,0.865160848733744,False,0.0,6.0,<1y,Compensation
Apex Logistics,S11502,Operations,2018-03-27,2018-03-27,,,False,False,8.227241615331964,8.227241615331964,,False,0.0,,5-10y,(active)
Apex Retail,S11509,R&D,2018-11-14,2018-11-14,,,False,False,7.592060232717317,7.592060232717317,,False,0.0,,5-10y,(active)
Apex Manufacturing,S11513,Sales,2025-10-29,2026-04-29,,,False,False,0.13689253935660506,0.6351813826146475,,True,0.49828884325804246,,<1y,(active)
Apex Logistics,S11517,Engineering,2022-09-09,2022-09-09,,,False,False,3.7727583846680357,3.7727583846680357,,False,0.0,,3-5y,(active)
Apex Manufacturing,S11520,Finance,2016-08-13,2016-08-13,,,False,False,9.845311430527037,9.845311430527037,,False,0.0,,5-10y,(active)
Apex Retail,S11522,Engineering,2021-08-31,2021-08-31,,,False,False,4.7967145790554415,4.7967145790554415,,False,0.0,,3-5y,(active)
Apex Retail,S11528,Sales,2022-04-06,2022-04-06,,,False,False,4.199863107460644,4.199863107460644,,False,0.0,,3-5y,(active)
Apex Retail,S11530,Operations,2023-06-23,2023-06-23,,,False,False,2.9869952087611225,2.9869952087611225,,False,0.0,,2-3y,(active)
Apex Logistics,S11532,R&D,2018-07-09,2018-07-09,,,False,False,7.942505133470226,7.942505133470226,,False,0.0,,5-10y,(active)
Apex Manufacturing,S11533,Operations,2018-09-26,2018-09-26,,,False,False,7.72621492128679,7.72621492128679,,False,0.0,,5-10y,(active)
Apex Manufacturing,S11534,Finance,2021-02-10,2021-02-10,,,False,False,5.349760438056126,5.349760438056126,,False,0.0,,5-10y,(active)
Apex Logistics,S11538,HR,2021-09-01,2024-05-16,2026-06-17,too much overtime,True,True,2.086242299794661,4.791238877481177,2.086242299794661,True,2.704996577686516,6.0,2-3y,Work-Life Balance
Apex Retail,S11539,Finance,2017-01-27,2017-01-27,,,False,False,9.388090349075975,9.388090349075975,,False,0.0,,5-10y,(active)
Apex Digital,S11542,R&D,2020-06-08,2020-06-08,,,False,False,6.026009582477755,6.026009582477755,,False,0.0,,5-10y,(active)
Apex Logistics,S11545,Sales,2023-07-05,2023-07-05,,,False,False,2.954140999315537,2.954140999315537,,False,0.0,,2-3y,(active)
Apex Retail,S11546,Operations,2024-02-18,2024-02-18,2026-03-24,got a better offer elsewhere,True,True,2.0944558521560577,2.0944558521560577,2.0944558521560577,False,0.0,3.0,2-3y,Better Opportunity
Apex Manufacturing,S11548,Engineering,2021-07-03,2021-07-03,,,False,False,4.958247775496235,4.958247775496235,,False,0.0,,3-5y,(active)
Apex Manufacturing,S11552,Engineering,2016-09-26,2016-09-26,,,False,False,9.724845995893224,9.724845995893224,,False,0.0,,5-10y,(active)
Apex Retail,S11555,Marketing,2018-04-10,2018-04-10,,,False,False,8.188911704312115,8.188911704312115,,False,0.0,,5-10y,(active)
Apex Retail,S11556,HR,2025-06-08,2025-06-08,,,False,False,1.0266940451745379,1.0266940451745379,,False,0.0,,1-2y,(active)
Apex Retail,S11558,Finance,2016-07-11,2016-07-11,,,False,False,9.935660506502396,9.935660506502396,,False,0.0,,5-10y,(active)
Apex Retail,S11559,Marketing,2026-03-20,2026-03-20,,,False,False,0.2464065708418891,0.2464065708418891,,False,0.0,,<1y,(active)
Apex Manufacturing,S11566,Operations,2022-12-17,2024-08-20,,,False,False,1.8261464750171115,3.5017111567419574,,True,1.675564681724846,,1-2y,(active)
Apex Retail,S11568,Engineering,2024-10-15,2026-04-06,,,False,False,0.1998631074606434,1.672826830937714,,True,1.4729637234770705,,<1y,(active)
Apex Manufacturing,S11569,Operations,2026-03-17,2026-03-17,,,False,False,0.2546201232032854,0.2546201232032854,,False,0.0,,<1y,(active)
Apex Retail,S11573,Finance,2019-06-26,2019-06-26,,,False,False,6.978781656399726,6.978781656399726,,False,0.0,,5-10y,(active)
Apex Logistics,S11574,Operations,2015-08-14,2015-08-14,,,False,False,10.844626967830253,10.844626967830253,,False,0.0,,10y+,(active)
Apex Logistics,S11575,Sales,2024-01-25,2024-01-25,2026-06-17,bad manager,True,True,2.3928815879534566,2.3928815879534566,2.3928815879534566,False,0.0,6.0,2-3y,Management/Culture
Apex Retail,S11576,Sales,2019-12-28,2023-11-11,,,False,False,2.6009582477754964,6.4722792607802875,,True,3.871321013004791,,2-3y,(active)
Apex Manufacturing,S11577,Engineering,2025-11-24,2025-11-24,,,False,False,0.5639972621492129,0.5639972621492129,,False,0.0,,<1y,(active)
Apex Logistics,S11581,Finance,2022-02-08,2023-09-01,2026-05-08,  too much overtime .,True,True,2.6830937713894594,4.243668720054757,2.6830937713894594,True,1.5605749486652978,5.0,2-3y,Work-Life Balance
Apex Manufacturing,S11582,Finance,2018-09-13,2018-09-13,,,False,False,7.761806981519507,7.761806981519507,,False,0.0,,5-10y,(active)
Apex Manufacturing,S11584,Marketing,2020-09-09,2022-05-01,,,False,False,4.131416837782341,5.771389459274469,,True,1.6399726214921286,,3-5y,(active)
Apex Digital,S11585,Engineering,2020-05-20,2020-05-20,,,False,False,6.078028747433265,6.078028747433265,,False,0.0,,5-10y,(active)
Apex Manufacturing,S11587,Engineering,2014-04-25,2014-04-25,,,False,False,12.147843942505133,12.147843942505133,,False,0.0,,10y+,(active)
Apex Logistics,S11588,HR,2015-11-25,2015-11-25,,,False,False,10.562628336755647,10.562628336755647,,False,0.0,,10y+,(active)
Apex Manufacturing,S11591,Engineering,2023-10-27,2023-10-27,2026-06-17,pay too low,True,True,2.639288158795346,2.639288158795346,2.639288158795346,False,0.0,6.0,2-3y,Compensation
Apex Retail,S11594,Marketing,2020-09-20,2020-09-20,,,False,False,5.7412731006160165,5.7412731006160165,,False,0.0,,5-10y,(active)
Apex Retail,S11598,Sales,2025-01-30,2025-01-30,2026-06-17,limited career progression,True,True,1.377138945927447,1.377138945927447,1.377138945927447,False,0.0,6.0,1-2y,Career Growth
Apex Retail,S11603,Operations,2024-09-13,2024-09-13,2026-04-21,,True,True,1.6016427104722792,1.6016427104722792,1.6016427104722792,False,0.0,4.0,1-2y,Unknown
Apex Retail,S11604,Marketing,2019-01-17,2019-01-17,,,False,False,7.416837782340862,7.416837782340862,,False,0.0,,5-10y,(active)
Apex Manufacturing,S11605,Finance,2021-10-17,2021-10-17,,,False,False,4.6680355920602326,4.6680355920602326,,False,0.0,,3-5y,(active)
Apex Manufacturing,S11606,Operations,2016-08-10,2018-09-10,,,False,False,7.770020533880904,9.853524982888432,,True,2.083504449007529,,5-10y,(active)
Apex Logistics,S11607,HR,2019-06-04,2019-06-04,,,False,False,7.039014373716633,7.039014373716633,,False,0.0,,5-10y,(active)
Apex Logistics,S11609,Engineering,2023-06-26,2023-06-26,,,False,False,2.9787816563997263,2.9787816563997263,,False,0.0,,2-3y,(active)
Apex Digital,S11612,Operations,2023-08-26,2023-08-26,2026-01-26,issues with management,True,True,2.4202600958247777,2.4202600958247777,2.4202600958247777,False,0.0,1.0,2-3y,Management/Culture
Apex Manufacturing,S11613,Marketing,2025-11-09,2026-05-13,,,False,False,0.09856262833675565,0.6050650239561944,,True,0.5065023956194388,,<1y,(active)
Apex Manufacturing,S11618,Finance,2021-11-30,2021-11-30,,,False,False,4.547570157426421,4.547570157426421,,False,0.0,,3-5y,(active)
Apex Retail,S11620,Marketing,2024-09-03,2024-09-03,,,False,False,1.787816563997262,1.787816563997262,,False,0.0,,1-2y,(active)
Apex Retail,S11622,Marketing,2026-02-01,2026-02-01,2026-06-17,laid off,True,True,0.3723477070499658,0.3723477070499658,0.3723477070499658,False,0.0,6.0,<1y,Involuntary/Performance
Apex Logistics,S11624,Operations,2021-11-18,2021-11-18,,,False,False,4.5804243668720055,4.5804243668720055,,False,0.0,,3-5y,(active)
Apex Retail,S11628,Finance,2021-02-14,2021-02-14,,,False,False,5.338809034907597,5.338809034907597,,False,0.0,,5-10y,(active)
Apex Retail,S11629,Finance,2015-07-06,2015-07-06,,,False,False,10.951403148528405,10.951403148528405,,False,0.0,,10y+,(active)
Apex Manufacturing,S11636,R&D,2018-07-10,2018-07-10,,,False,False,7.939767282683094,7.939767282683094,,False,0.0,,5-10y,(active)
Apex Manufacturing,S11640,R&D,2020-03-28,2020-03-28,,,False,False,6.223134839151267,6.223134839151267,,False,0.0,,5-10y,(active)
Apex Digital,S11644,Engineering,2021-09-28,2021-09-28,,,False,False,4.720054757015743,4.720054757015743,,False,0.0,,3-5y,(active)
Apex Manufacturing,S11647,R&D,2022-04-15,2022-04-15,,,False,False,4.175222450376454,4.175222450376454,,False,0.0,,3-5y,(active)
Apex Logistics,S11651,Operations,2022-08-03,2025-04-10,2026-06-17,offer i couldnt refuse,True,True,1.1854893908281998,3.871321013004791,1.1854893908281998,True,2.6858316221765914,6.0,1-2y,Better Opportunity
Apex Retail,S11653,Sales,2023-11-08,2023-11-08,,,False,False,2.6091718001368926,2.6091718001368926,,False,0.0,,2-3y,(active)
Apex Manufacturing,S11654,Finance,2018-09-17,2019-07-14,,,False,False,6.929500342231348,7.750855578370979,,True,0.8213552361396304,,5-10y,(active)
Apex Manufacturing,S11655,Engineering,2025-04-28,2025-04-28,2026-06-17,,True,True,1.136208076659822,1.136208076659822,1.136208076659822,False,0.0,6.0,1-2y,Unknown
Apex Retail,S11657,HR,2022-07-06,2022-07-06,,,False,False,3.9507186858316223,3.9507186858316223,,False,0.0,,3-5y,(active)
Apex Manufacturing,S11659,HR,2017-10-25,2017-10-25,,,False,False,8.646132785763175,8.646132785763175,,False,0.0,,5-10y,(active)
Apex Manufacturing,S11662,Sales,2023-07-02,2023-07-02,,,False,False,2.9623545516769334,2.9623545516769334,,False,0.0,,2-3y,(active)
Apex Manufacturing,S11663,R&D,2019-02-03,2019-02-03,,,False,False,7.370294318959616,7.370294318959616,,False,0.0,,5-10y,(active)
Apex Manufacturing,S11664,Operations,2021-03-22,2021-03-22,2026-01-10,moving abroad,True,True,4.804928131416838,4.804928131416838,4.804928131416838,False,0.0,1.0,3-5y,Relocation
Apex Digital,S11665,Operations,2021-03-02,2024-11-29,,,False,False,1.5496235455167693,5.295003422313484,,True,3.7453798767967146,,1-2y,(active)
Apex Logistics,S11669,Engineering,2021-05-14,2021-05-14,,,False,False,5.0951403148528405,5.0951403148528405,,False,0.0,,5-10y,(active)
Apex Digital,S11671,Operations,2021-01-15,2021-01-15,,,False,False,5.420944558521561,5.420944558521561,,False,0.0,,5-10y,(active)
Apex Logistics,S11677,Engineering,2022-11-22,2025-03-26,,,False,False,1.2292950034223136,3.57015742642026,,True,2.3408624229979464,,1-2y,(active)
Apex Manufacturing,S11680,Operations,2023-12-23,2024-07-06,,,False,False,1.949349760438056,2.485968514715948,,True,0.5366187542778919,,1-2y,(active)
Apex Manufacturing,S11681,Sales,2022-12-01,2025-05-04,2026-01-24,bad manager,True,True,0.7255304585900069,3.1485284052019167,0.7255304585900069,True,2.42299794661191,1.0,<1y,Management/Culture
Apex Retail,S11684,Customer Service,2024-10-07,2026-04-03,,,False,False,0.2080766598220397,1.6947296372347707,,True,1.486652977412731,,<1y,(active)
Apex Manufacturing,S11687,Finance,2014-12-23,2017-07-24,,,False,False,8.900752908966462,11.485284052019164,,True,2.5845311430527036,,5-10y,(active)
Apex Manufacturing,S11689,HR,2020-01-29,2020-01-29,,,False,False,6.38466803559206,6.38466803559206,,False,0.0,,5-10y,(active)
Apex Retail,S11692,Customer Service,2020-06-16,2020-06-16,,,False,False,6.0041067761806985,6.0041067761806985,,False,0.0,,5-10y,(active)
Apex Retail,S11700,Marketing,2021-07-16,2025-07-01,,,False,False,0.9637234770704997,4.922655715263518,,True,3.9589322381930185,,<1y,(active)
Apex Logistics,S11701,Operations,2022-04-11,2022-04-11,,,False,False,4.186173853524983,4.186173853524983,,False,0.0,,3-5y,(active)
Apex Retail,S11702,Finance,2025-04-14,2025-11-12,,,False,False,0.5968514715947981,1.1772758384668036,,True,0.5804243668720055,,<1y,(active)
Apex Manufacturing,S11705,Finance,2021-11-01,2024-04-06,2026-02-16,,True,True,1.864476386036961,4.292950034223135,1.864476386036961,True,2.428473648186174,2.0,1-2y,Unknown
Apex Retail,S11706,Customer Service,2025-10-31,2025-10-31,2026-06-17,moving to a bigger company,True,True,0.6269678302532512,0.6269678302532512,0.6269678302532512,False,0.0,6.0,<1y,Relocation
Apex Manufacturing,S11711,Engineering,2019-07-06,2019-07-06,,,False,False,6.951403148528406,6.951403148528406,,False,0.0,,5-10y,(active)
Apex Manufacturing,S11713,Marketing,2016-01-02,2017-07-17,,,False,False,8.919917864476385,10.458590006844627,,True,1.538672142368241,,5-10y,(active)
Apex Logistics,S11717,Operations,2025-10-09,2026-05-12,,,False,False,0.10130047912388775,0.6899383983572895,,True,0.5886379192334018,,<1y,(active)
Apex Manufacturing,S11721,Sales,2023-03-05,2025-02-10,,,False,False,1.3497604380561259,3.2881587953456535,,True,1.9383983572895278,,1-2y,(active)
Apex Logistics,S11723,Finance,2020-09-11,2020-09-11,,,False,False,5.765913757700205,5.765913757700205,,False,0.0,,5-10y,(active)
Apex Logistics,S11725,Engineering,2021-12-03,2021-12-03,,,False,False,4.539356605065024,4.539356605065024,,False,0.0,,3-5y,(active)
Apex Retail,S11732,Marketing,2025-01-10,2025-01-10,,,False,False,1.434633812457221,1.434633812457221,,False,0.0,,1-2y,(active)
Apex Retail,S11734,Finance,2023-11-18,2023-11-18,,,False,False,2.5817932922655715,2.5817932922655715,,False,0.0,,2-3y,(active)
Apex Retail,S11735,Operations,2024-07-30,2025-04-08,,,False,False,1.1937029431895962,1.8836413415468858,,True,0.6899383983572895,,1-2y,(active)
Apex Manufacturing,S11739,Operations,2014-12-09,2018-05-27,,,False,False,8.060232717316905,11.523613963039015,,True,3.463381245722108,,5-10y,(active)
Apex Retail,S11740,Finance,2022-04-18,2022-04-18,,,False,False,4.167008898015058,4.167008898015058,,False,0.0,,3-5y,(active)
Apex Manufacturing,S11742,Sales,2025-02-01,2025-02-01,2026-04-24,lack of promotion,True,True,1.2238193018480492,1.2238193018480492,1.2238193018480492,False,0.0,4.0,1-2y,Career Growth
Apex Retail,S11743,Operations,2020-08-26,2023-07-09,,,False,False,2.943189596167009,5.809719370294319,,True,2.86652977412731,,2-3y,(active)
Apex Digital,S11744,Operations,2022-06-11,2022-06-11,,,False,False,4.0191649555099245,4.0191649555099245,,False,0.0,,3-5y,(active)
Apex Manufacturing,S11750,R&D,2020-05-30,2024-04-19,,,False,False,2.16290212183436,6.050650239561944,,True,3.887748117727584,,2-3y,(active)
Apex Logistics,S11754,Engineering,2014-10-30,2014-10-30,,,False,False,11.633127994524298,11.633127994524298,,False,0.0,,10y+,(active)
Apex Manufacturing,S11757,Operations,2018-03-21,2020-02-03,,,False,False,6.3709787816564,8.243668720054757,,True,1.8726899383983573,,5-10y,(active)
Apex Retail,S11760,Operations,2022-10-06,2022-10-06,,,False,False,3.698836413415469,3.698836413415469,,False,0.0,,3-5y,(active)
Apex Logistics,S11764,Customer Service,2023-12-27,2023-12-27,,,False,False,2.4750171115674195,2.4750171115674195,,False,0.0,,2-3y,(active)
Apex Manufacturing,S11766,Operations,2022-10-23,2026-04-12,,,False,False,0.1834360027378508,3.652292950034223,,True,3.468856947296372,,<1y,(active)
Apex Manufacturing,S11767,Engineering,2025-10-16,2025-10-16,,,False,False,0.6707734428473648,0.6707734428473648,,False,0.0,,<1y,(active)
Apex Manufacturing,S11768,Operations,2022-11-12,2022-11-12,2026-01-11,,True,True,3.164955509924709,3.164955509924709,3.164955509924709,False,0.0,1.0,3-5y,Unknown
Apex Logistics,S11772,Sales,2023-02-20,2023-02-20,2026-01-07,,True,True,2.8802190280629705,2.8802190280629705,2.8802190280629705,False,0.0,1.0,2-3y,Unknown
Apex Logistics,S11774,HR,2023-08-15,2024-04-18,,,False,False,2.1656399726214923,2.841889117043121,,True,0.676249144421629,,2-3y,(active)
Apex Manufacturing,S11775,HR,2021-06-16,2021-06-16,,,False,False,5.004791238877481,5.004791238877481,,False,0.0,,5-10y,(active)
Apex Logistics,S11780,Operations,2021-06-13,2021-06-13,,,False,False,5.0130047912388775,5.0130047912388775,,False,0.0,,5-10y,(active)
Apex Logistics,S11781,Customer Service,2018-09-03,2018-09-03,,,False,False,7.789185489390828,7.789185489390828,,False,0.0,,5-10y,(active)
Apex Retail,S11782,HR,2023-09-03,2023-09-03,2026-06-17,,True,True,2.7871321013004793,2.7871321013004793,2.7871321013004793,False,0.0,6.0,2-3y,Unknown
Apex Manufacturing,S11786,Customer Service,2015-01-01,2015-01-01,,,False,False,11.460643394934976,11.460643394934976,,False,0.0,,10y+,(active)
Apex Digital,S11789,Engineering,2021-11-27,2025-07-27,,,False,False,0.892539356605065,4.555783709787817,,True,3.6632443531827517,,<1y,(active)
Apex Logistics,S11790,Engineering,2022-07-25,2022-07-25,,,False,False,3.898699520876112,3.898699520876112,,False,0.0,,3-5y,(active)
Apex Logistics,S11792,Marketing,2023-06-30,2023-06-30,2026-02-13,moving to a bigger company,True,True,2.625598904859685,2.625598904859685,2.625598904859685,False,0.0,2.0,2-3y,Relocation
Apex Digital,S11793,Operations,2018-06-27,2018-06-27,,,False,False,7.975359342915811,7.975359342915811,,False,0.0,,5-10y,(active)
Apex Logistics,S11796,Marketing,2019-05-08,2019-05-08,,,False,False,7.112936344969199,7.112936344969199,,False,0.0,,5-10y,(active)
Apex Manufacturing,S11797,Finance,2019-08-26,2019-08-26,,,False,False,6.811772758384668,6.811772758384668,,False,0.0,,5-10y,(active)
Apex Retail,S11802,Sales,2022-12-22,2022-12-22,,,False,False,3.488021902806297,3.488021902806297,,False,0.0,,3-5y,(active)
Apex Manufacturing,S11804,Engineering,2023-04-18,2023-04-18,,,False,False,3.167693360711841,3.167693360711841,,False,0.0,,3-5y,(active)
Apex Retail,S11806,Operations,2022-08-04,2025-12-21,,,False,False,0.49007529089664614,3.871321013004791,,True,3.381245722108145,,<1y,(active)
Apex Manufacturing,S11807,Engineering,2024-02-15,2024-02-15,2026-06-17,RELOCATING TO ANOTHER CITY,True,True,2.3353867214236823,2.3353867214236823,2.3353867214236823,False,0.0,6.0,2-3y,Relocation
Apex Logistics,S11808,Engineering,2016-10-18,2019-06-07,,,False,False,7.030800821355236,9.664613278576317,,True,2.6338124572210813,,5-10y,(active)
Apex Manufacturing,S11809,Marketing,2019-04-01,2019-04-01,,,False,False,7.214236824093087,7.214236824093087,,False,0.0,,5-10y,(active)
Apex Digital,S11810,Engineering,2018-05-13,2019-10-22,,,False,False,6.655715263518139,8.098562628336756,,True,1.4428473648186173,,5-10y,(active)
Apex Digital,S11812,HR,2016-09-28,2016-09-28,,,False,False,9.71937029431896,9.71937029431896,,False,0.0,,5-10y,(active)
Apex Retail,S11816,Engineering,2019-12-07,2019-12-07,,,False,False,6.529774127310062,6.529774127310062,,False,0.0,,5-10y,(active)
Apex Manufacturing,S11819,HR,2017-07-03,2020-10-07,,,False,False,5.69472963723477,8.958247775496236,,True,3.263518138261465,,5-10y,(active)
Apex Manufacturing,S11820,R&D,2020-01-29,2020-01-29,,,False,False,6.38466803559206,6.38466803559206,,False,0.0,,5-10y,(active)
Apex Digital,S11821,Customer Service,2025-03-08,2025-03-08,2026-01-26,accepted external offer,True,True,0.8870636550308009,0.8870636550308009,0.8870636550308009,False,0.0,1.0,<1y,Better Opportunity
Apex Manufacturing,S11822,Marketing,2020-05-31,2020-05-31,,,False,False,6.047912388774812,6.047912388774812,,False,0.0,,5-10y,(active)
Apex Logistics,S11823,HR,2017-10-05,2017-10-05,,,False,False,8.700889801505818,8.700889801505818,,False,0.0,,5-10y,(active)
Apex Manufacturing,S11824,Operations,2019-12-11,2023-04-21,2026-06-15,accepted external offer,True,True,3.1512662559890487,6.510609171800137,3.1512662559890487,True,3.359342915811088,6.0,3-5y,Better Opportunity
Apex Logistics,S11825,Sales,2022-12-25,2022-12-25,,,False,False,3.479808350444901,3.479808350444901,,False,0.0,,3-5y,(active)
Apex Manufacturing,S11826,Operations,2026-02-21,2026-02-21,,,False,False,0.3203285420944558,0.3203285420944558,,False,0.0,,<1y,(active)
Apex Manufacturing,S11828,Engineering,2021-03-11,2021-03-11,,,False,False,5.270362765229295,5.270362765229295,,False,0.0,,5-10y,(active)
Apex Manufacturing,S11829,Operations,2023-03-22,2023-03-22,,,False,False,3.241615331964408,3.241615331964408,,False,0.0,,3-5y,(active)
Apex Digital,S11830,Finance,2023-11-20,2023-11-20,,,False,False,2.5763175906913074,2.5763175906913074,,False,0.0,,2-3y,(active)
Apex Manufacturing,S11835,R&D,2024-06-21,2024-06-21,2026-06-17,wanted more challenge,True,True,1.9876796714579055,1.9876796714579055,1.9876796714579055,False,0.0,6.0,1-2y,Career Growth
Apex Retail,S11837,Sales,2019-12-31,2019-12-31,,,False,False,6.464065708418891,6.464065708418891,,False,0.0,,5-10y,(active)
Apex Retail,S11838,Finance,2022-06-14,2022-06-14,,,False,False,4.010951403148528,4.010951403148528,,False,0.0,,3-5y,(active)
Apex Manufacturing,S11841,Engineering,2021-03-02,2021-03-02,,,False,False,5.295003422313484,5.295003422313484,,False,0.0,,5-10y,(active)
Apex Manufacturing,S11842,Sales,2022-11-11,2022-11-11,,,False,False,3.600273785078713,3.600273785078713,,False,0.0,,3-5y,(active)
Apex Logistics,S11843,Operations,2017-12-12,2017-12-12,,,False,False,8.514715947980836,8.514715947980836,,False,0.0,,5-10y,(active)
Apex Retail,S11846,R&D,2018-12-22,2018-12-22,,,False,False,7.488021902806297,7.488021902806297,,False,0.0,,5-10y,(active)
Apex Manufacturing,S11847,Marketing,2024-10-29,2024-10-29,2026-06-17,salary not competitive,True,True,1.6317590691307324,1.6317590691307324,1.6317590691307324,False,0.0,6.0,1-2y,Compensation
Apex Manufacturing,S11850,Sales,2022-10-01,2022-10-01,2026-06-17,underpaid for the work,True,True,3.7097878165639973,3.7097878165639973,3.7097878165639973,False,0.0,6.0,3-5y,Compensation
Apex Logistics,S11854,Customer Service,2023-04-02,2025-10-30,2026-06-17,compensation issues,True,True,0.6297056810403833,3.2087611225188226,0.6297056810403833,True,2.5790554414784395,6.0,<1y,Compensation
Apex Manufacturing,S11855,Sales,2024-06-17,2024-06-17,2026-06-17,GOT A BETTER OFFER ELSEWHERE,True,True,1.998631074606434,1.998631074606434,1.998631074606434,False,0.0,6.0,1-2y,Better Opportunity
Apex Manufacturing,S11858,Customer Service,2024-10-04,2024-10-04,,,False,False,1.702943189596167,1.702943189596167,,False,0.0,,1-2y,(active)
Apex Manufacturing,S11859,Sales,2022-09-14,2022-09-14,,,False,False,3.759069130732375,3.759069130732375,,False,0.0,,3-5y,(active)
Apex Manufacturing,S11860,Customer Service,2017-06-07,2019-06-27,,,False,False,6.976043805612594,9.02943189596167,,True,2.0533880903490758,,5-10y,(active)
Apex Logistics,S11861,Finance,2013-03-11,2013-12-01,,,False,False,12.544832306639288,13.270362765229295,,True,0.7255304585900069,,10y+,(active)
Apex Manufacturing,S11863,HR,2013-06-27,2013-06-27,,,False,False,12.974674880219029,12.974674880219029,,False,0.0,,10y+,(active)
Apex Retail,S11871,Finance,2020-10-21,2020-10-21,,,False,False,5.6563997262149215,5.6563997262149215,,False,0.0,,5-10y,(active)
Apex Manufacturing,S11876,Engineering,2016-10-28,2020-09-15,,,False,False,5.754962354551677,9.637234770704996,,True,3.8822724161533197,,5-10y,(active)
Apex Manufacturing,S11877,Customer Service,2023-08-31,2023-08-31,,,False,False,2.7980835044490076,2.7980835044490076,,False,0.0,,2-3y,(active)
Apex Digital,S11879,Engineering,2021-01-01,2021-01-01,,,False,False,5.45927446954141,5.45927446954141,,False,0.0,,5-10y,(active)
Apex Manufacturing,S11882,Sales,2023-12-07,2023-12-07,,,False,False,2.529774127310062,2.529774127310062,,False,0.0,,2-3y,(active)
Apex Retail,S11888,Customer Service,2024-02-07,2025-08-12,,,False,False,0.8487337440109514,2.3600273785078714,,True,1.51129363449692,,<1y,(active)
Apex Logistics,S11894,Marketing,2021-07-15,2021-07-15,,,False,False,4.9253935660506505,4.9253935660506505,,False,0.0,,3-5y,(active)
Apex Manufacturing,S11895,Finance,2024-04-11,2024-04-11,,,False,False,2.184804928131417,2.184804928131417,,False,0.0,,2-3y,(active)
Apex Retail,S11896,Finance,2020-12-28,2020-12-28,,,False,False,5.470225872689938,5.470225872689938,,False,0.0,,5-10y,(active)
Apex Logistics,S11899,Sales,2025-06-24,2025-06-24,2026-06-17,wanted more challenge,True,True,0.9801505817932923,0.9801505817932923,0.9801505817932923,False,0.0,6.0,<1y,Career Growth
Apex Digital,S11902,R&D,2022-10-08,2022-10-08,,,False,False,3.693360711841205,3.693360711841205,,False,0.0,,3-5y,(active)
Apex Retail,S11903,Operations,2018-04-11,2018-04-11,,,False,False,8.186173853524982,8.186173853524982,,False,0.0,,5-10y,(active)
Apex Logistics,S11906,Marketing,2025-05-26,2025-05-26,,,False,False,1.0622861054072552,1.0622861054072552,,False,0.0,,1-2y,(active)
Apex Manufacturing,S11907,Finance,2017-05-22,2017-05-22,,,False,False,9.073237508555783,9.073237508555783,,False,0.0,,5-10y,(active)
Apex Retail,S11908,Customer Service,2023-08-07,2023-08-07,,,False,False,2.863791923340178,2.863791923340178,,False,0.0,,2-3y,(active)
Apex Logistics,S11912,Operations,2014-08-03,2014-08-03,,,False,False,11.874058863791923,11.874058863791923,,False,0.0,,10y+,(active)
Apex Manufacturing,S11916,Finance,2020-04-27,2020-04-27,,,False,False,6.140999315537303,6.140999315537303,,False,0.0,,5-10y,(active)
Apex Logistics,S11918,R&D,2015-08-06,2015-08-06,,,False,False,10.86652977412731,10.86652977412731,,False,0.0,,10y+,(active)
Apex Manufacturing,S11919,Finance,2023-07-18,2023-07-18,,,False,False,2.91854893908282,2.91854893908282,,False,0.0,,2-3y,(active)
Apex Retail,S11920,Sales,2024-03-24,2024-03-24,2026-02-08,no advancement opportunities,True,True,1.8781656399726214,1.8781656399726214,1.8781656399726214,False,0.0,2.0,1-2y,Career Growth
Apex Logistics,S11923,HR,2017-02-14,2017-02-14,,,False,False,9.338809034907598,9.338809034907598,,False,0.0,,5-10y,(active)
Apex Manufacturing,S11924,Finance,2014-08-01,2014-08-01,,,False,False,11.879534565366187,11.879534565366187,,False,0.0,,10y+,(active)
Apex Manufacturing,S11925,Sales,2023-09-11,2023-09-11,2026-06-17,new role at competitor,True,True,2.7652292950034223,2.7652292950034223,2.7652292950034223,False,0.0,6.0,2-3y,Better Opportunity
Apex Logistics,S11926,Operations,2024-09-05,2024-09-05,,,False,False,1.782340862422998,1.782340862422998,,False,0.0,,1-2y,(active)
Apex Logistics,S11928,Engineering,2022-09-08,2022-09-08,,,False,False,3.7754962354551678,3.7754962354551678,,False,0.0,,3-5y,(active)
Apex Manufacturing,S11933,Engineering,2021-07-18,2021-07-18,,,False,False,4.917180013689254,4.917180013689254,,False,0.0,,3-5y,(active)
Apex Manufacturing,S11936,HR,2018-06-09,2021-01-20,,,False,False,5.4072553045859,8.02464065708419,,True,2.617385352498289,,5-10y,(active)
Apex Logistics,S11937,Operations,2021-03-10,2024-12-04,2026-01-13,SALARY NOT COMPETITIVE,True,True,1.108829568788501,4.84599589322382,1.108829568788501,True,3.7371663244353184,1.0,1-2y,Compensation
Apex Logistics,S11939,Customer Service,2023-05-17,2024-12-21,2026-06-17,health reasons,True,True,1.486652977412731,3.0855578370978782,1.486652977412731,True,1.5989048596851472,6.0,1-2y,Personal/Health
Apex Manufacturing,S11941,Finance,2014-05-10,2015-08-01,,,False,False,10.880219028062971,12.106776180698152,,True,1.2265571526351813,,10y+,(active)
Apex Manufacturing,S11955,Operations,2025-04-02,2025-04-02,2026-06-17,  Found a better opportunity .,True,True,1.2073921971252566,1.2073921971252566,1.2073921971252566,False,0.0,6.0,1-2y,Better Opportunity
Apex Digital,S11957,Finance,2013-12-07,2013-12-07,,,False,False,12.528405201916495,12.528405201916495,,False,0.0,,10y+,(active)
Apex Manufacturing,S11959,Operations,2019-02-15,2019-02-15,,,False,False,7.337440109514032,7.337440109514032,,False,0.0,,5-10y,(active)
Apex Retail,S11962,Engineering,2023-11-17,2023-11-17,,,False,False,2.5845311430527036,2.5845311430527036,,False,0.0,,2-3y,(active)
Apex Manufacturing,S11964,Engineering,2021-11-01,2021-11-01,,,False,False,4.6269678302532515,4.6269678302532515,,False,0.0,,3-5y,(active)
Apex Digital,S11967,Customer Service,2023-05-11,2023-05-11,2026-06-17,GOT A BETTER OFFER ELSEWHERE,True,True,3.1019849418206706,3.1019849418206706,3.1019849418206706,False,0.0,6.0,3-5y,Better Opportunity
Apex Retail,S11968,Marketing,2016-01-30,2016-01-30,,,False,False,10.381930184804927,10.381930184804927,,False,0.0,,10y+,(active)
Apex Logistics,S11969,Operations,2020-07-31,2020-07-31,,,False,False,5.880903490759754,5.880903490759754,,False,0.0,,5-10y,(active)
Apex Logistics,S11973,R&D,2022-03-17,2022-03-17,,,False,False,4.254620123203286,4.254620123203286,,False,0.0,,3-5y,(active)
Apex Manufacturing,S11975,Engineering,2023-05-23,2024-10-18,,,False,False,1.6646132785763177,3.0718685831622174,,True,1.4072553045859,,1-2y,(active)
Apex Logistics,S11979,Engineering,2024-08-07,2025-09-02,2026-06-17,SALARY NOT COMPETITIVE,True,True,0.7885010266940452,1.8590006844626967,0.7885010266940452,True,1.0704996577686516,6.0,<1y,Compensation
Apex Manufacturing,S11980,R&D,2023-04-03,2025-04-28,,,False,False,1.1389459274469542,3.2087611225188226,,True,2.0698151950718686,,1-2y,(active)
Apex Manufacturing,S11988,Engineering,2017-03-12,2017-03-12,,,False,False,9.267624914442163,9.267624914442163,,False,0.0,,5-10y,(active)
Apex Logistics,S11989,Engineering,2018-10-16,2018-10-16,,,False,False,7.671457905544147,7.671457905544147,,False,0.0,,5-10y,(active)
Apex Retail,S11991,Finance,2022-05-14,2022-05-14,,,False,False,4.095824777549623,4.095824777549623,,False,0.0,,3-5y,(active)
Apex Retail,S11992,Operations,2024-11-07,2024-11-07,,,False,False,1.6098562628336757,1.6098562628336757,,False,0.0,,1-2y,(active)
Apex Retail,S11993,Sales,2021-03-24,2024-05-12,2026-06-17,career stagnation,True,True,2.0971937029431897,5.232032854209446,2.0971937029431897,True,3.134839151266256,6.0,2-3y,Career Growth
Apex Manufacturing,S11994,Operations,2016-12-25,2016-12-25,,,False,False,9.478439425051334,9.478439425051334,,False,0.0,,5-10y,(active)
Apex Retail,S11997,Operations,2024-08-21,2024-08-21,,,False,False,1.8234086242299794,1.8234086242299794,,False,0.0,,1-2y,(active)
Apex Manufacturing,S12003,Operations,2021-07-09,2025-03-01,2026-03-31,retiring,True,True,1.08145106091718,4.725530458590007,1.08145106091718,True,3.6440793976728267,3.0,1-2y,Retirement
Apex Retail,S12006,Marketing,2021-12-30,2021-12-30,,,False,False,4.465434633812457,4.465434633812457,,False,0.0,,3-5y,(active)
Apex Manufacturing,S12008,R&D,2014-04-23,2014-04-23,,,False,False,12.153319644079398,12.153319644079398,,False,0.0,,10y+,(active)
Apex Digital,S12016,Finance,2018-10-08,2018-10-08,,,False,False,7.693360711841205,7.693360711841205,,False,0.0,,5-10y,(active)
Apex Digital,S12018,Operations,2017-07-17,2017-07-17,,,False,False,8.919917864476385,8.919917864476385,,False,0.0,,5-10y,(active)
Apex Manufacturing,S12022,Operations,2023-02-26,2025-04-22,2026-01-25,underpaid for the work,True,True,0.7611225188227242,2.9130732375085557,0.7611225188227242,True,2.1519507186858315,1.0,<1y,Compensation
Apex Digital,S12024,Sales,2025-12-21,2025-12-21,,,False,False,0.49007529089664614,0.49007529089664614,,False,0.0,,<1y,(active)
Apex Manufacturing,S12025,Finance,2026-02-13,2026-02-13,2026-06-17,too much overtime,True,True,0.3394934976043806,0.3394934976043806,0.3394934976043806,False,0.0,6.0,<1y,Work-Life Balance
Apex Logistics,S12027,Customer Service,2020-08-19,2020-08-19,,,False,False,5.8288843258042435,5.8288843258042435,,False,0.0,,5-10y,(active)
Apex Digital,S12028,Operations,2024-08-15,2024-08-15,2026-06-07,MOVING TO A BIGGER COMPANY,True,True,1.809719370294319,1.809719370294319,1.809719370294319,False,0.0,6.0,1-2y,Relocation
Apex Manufacturing,S12033,Customer Service,2020-08-17,2020-08-17,,,False,False,5.834360027378508,5.834360027378508,,False,0.0,,5-10y,(active)
Apex Manufacturing,S12034,Finance,2020-03-21,2021-06-18,,,False,False,4.999315537303217,6.242299794661191,,True,1.242984257357974,,3-5y,(active)
Apex Logistics,S12036,Finance,2014-04-04,2015-12-22,,,False,False,10.48870636550308,12.205338809034908,,True,1.7166324435318274,,10y+,(active)
Apex Digital,S12039,Operations,2017-07-11,2017-07-11,,,False,False,8.936344969199178,8.936344969199178,,False,0.0,,5-10y,(active)
Apex Manufacturing,S12041,Marketing,2022-07-15,2022-07-15,,,False,False,3.9260780287474333,3.9260780287474333,,False,0.0,,3-5y,(active)
Apex Retail,S12043,Finance,2016-12-23,2016-12-23,,,False,False,9.483915126625599,9.483915126625599,,False,0.0,,5-10y,(active)
Apex Manufacturing,S12046,Sales,2023-02-11,2025-05-12,2026-05-18,work life balance,True,True,1.0157426420260096,3.263518138261465,1.0157426420260096,True,2.2477754962354553,5.0,1-2y,Work-Life Balance
Apex Digital,S12049,Customer Service,2025-03-28,2026-02-17,2026-05-18,no growth path here,True,True,0.2464065708418891,1.1389459274469542,0.2464065708418891,True,0.892539356605065,5.0,<1y,Career Growth
Apex Retail,S12051,Finance,2018-08-25,2022-01-15,,,False,False,4.421629021218344,7.813826146475017,,True,3.3921971252566734,,3-5y,(active)
Apex Retail,S12052,Marketing,2013-08-11,2013-08-11,,,False,False,12.851471594798083,12.851471594798083,,False,0.0,,10y+,(active)
Apex Digital,S12053,Operations,2018-11-14,2018-11-14,,,False,False,7.592060232717317,7.592060232717317,,False,0.0,,5-10y,(active)
Apex Manufacturing,S12055,Engineering,2021-01-04,2021-01-04,,,False,False,5.451060917180014,5.451060917180014,,False,0.0,,5-10y,(active)
Apex Manufacturing,S12061,Engineering,2022-10-14,2022-10-14,,,False,False,3.676933607118412,3.676933607118412,,False,0.0,,3-5y,(active)
Apex Retail,S12063,Engineering,2019-12-04,2019-12-04,,,False,False,6.537987679671458,6.537987679671458,,False,0.0,,5-10y,(active)
Apex Logistics,S12068,Finance,2019-12-04,2023-09-02,2026-06-17,offer i couldnt refuse,True,True,2.7898699520876113,6.535249828884326,2.7898699520876113,True,3.7453798767967146,6.0,2-3y,Better Opportunity
Apex Manufacturing,S12070,HR,2025-07-26,2025-07-26,,,False,False,0.8952772073921971,0.8952772073921971,,False,0.0,,<1y,(active)
Apex Manufacturing,S12072,HR,2024-12-29,2024-12-29,,,False,False,1.4674880219028064,1.4674880219028064,,False,0.0,,1-2y,(active)
Apex Digital,S12073,Finance,2022-10-07,2024-08-04,2026-06-17,retirement,True,True,1.8672142368240932,3.693360711841205,1.8672142368240932,True,1.8261464750171115,6.0,1-2y,Retirement
Apex Digital,S12074,Operations,2024-10-04,2025-08-22,2026-05-12,no advancement opportunities,True,True,0.7200547570157426,1.6016427104722792,0.7200547570157426,True,0.8815879534565366,5.0,<1y,Career Growth
Apex Retail,S12076,Operations,2021-02-12,2022-12-04,,,False,False,3.5373032169746748,5.344284736481861,,True,1.8069815195071868,,3-5y,(active)
Apex Digital,S12077,Operations,2023-01-23,2023-12-27,,,False,False,2.4750171115674195,3.40041067761807,,True,0.9253935660506503,,2-3y,(active)
Apex Manufacturing,S12085,Operations,2022-03-08,2023-08-05,,,False,False,2.869267624914442,4.2792607802874745,,True,1.4099931553730323,,2-3y,(active)
Apex Manufacturing,S12086,R&D,2015-12-22,2015-12-22,,,False,False,10.48870636550308,10.48870636550308,,False,0.0,,10y+,(active)
Apex Manufacturing,S12088,R&D,2022-10-26,2022-10-26,,,False,False,3.6440793976728267,3.6440793976728267,,False,0.0,,3-5y,(active)
Apex Retail,S12090,R&D,2017-02-23,2017-02-23,,,False,False,9.314168377823409,9.314168377823409,,False,0.0,,5-10y,(active)
Apex Retail,S12091,R&D,2025-11-14,2025-11-14,,,False,False,0.5913757700205339,0.5913757700205339,,False,0.0,,<1y,(active)
Apex Retail,S12092,Engineering,2024-03-09,2024-03-09,2026-06-17,salary not competitive,True,True,2.272416153319644,2.272416153319644,2.272416153319644,False,0.0,6.0,2-3y,Compensation
Apex Manufacturing,S12093,Sales,2020-09-18,2024-07-29,2026-06-17,accepted external offer,True,True,1.8836413415468858,5.7440109514031485,1.8836413415468858,True,3.8603696098562628,6.0,1-2y,Better Opportunity
Apex Retail,S12094,Engineering,2018-12-19,2018-12-19,,,False,False,7.496235455167693,7.496235455167693,,False,0.0,,5-10y,(active)
Apex Retail,S12095,Engineering,2025-05-16,2025-05-16,2026-06-17,NO GROWTH PATH HERE,True,True,1.0869267624914443,1.0869267624914443,1.0869267624914443,False,0.0,6.0,1-2y,Career Growth
Apex Digital,S12100,Sales,2019-08-03,2021-06-30,,,False,False,4.9664613278576315,6.874743326488707,,True,1.9082819986310746,,3-5y,(active)
Apex Retail,S12101,Engineering,2018-09-16,2018-09-16,,,False,False,7.753593429158111,7.753593429158111,,False,0.0,,5-10y,(active)
Apex Manufacturing,S12102,Operations,2022-02-04,2022-02-04,,,False,False,4.3668720054757015,4.3668720054757015,,False,0.0,,3-5y,(active)
Apex Logistics,S12108,Customer Service,2018-02-05,2018-02-05,,,False,False,8.36413415468857,8.36413415468857,,False,0.0,,5-10y,(active)
Apex Retail,S12110,Sales,2024-06-02,2024-06-02,2026-06-17,limited career progression,True,True,2.0396988364134154,2.0396988364134154,2.0396988364134154,False,0.0,6.0,2-3y,Career Growth
Apex Retail,S12111,HR,2021-12-30,2021-12-30,,,False,False,4.465434633812457,4.465434633812457,,False,0.0,,3-5y,(active)
Apex Retail,S12116,HR,2021-11-13,2021-11-13,,,False,False,4.594113620807666,4.594113620807666,,False,0.0,,3-5y,(active)
Apex Logistics,S12117,Operations,2020-09-17,2020-09-17,,,False,False,5.749486652977413,5.749486652977413,,False,0.0,,5-10y,(active)
Apex Logistics,S12118,Engineering,2025-06-21,2025-06-21,2026-06-17,  limited career progression .,True,True,0.9883641341546886,0.9883641341546886,0.9883641341546886,False,0.0,6.0,<1y,Career Growth
Apex Manufacturing,S12119,Engineering,2025-06-16,2026-04-23,,,False,False,0.15331964407939766,1.0047912388774811,,True,0.8514715947980835,,<1y,(active)
Apex Manufacturing,S12120,R&D,2020-12-19,2020-12-19,,,False,False,5.494866529774128,5.494866529774128,,False,0.0,,5-10y,(active)
Apex Retail,S12125,Operations,2025-06-19,2025-06-19,2026-02-25,family relocation,True,True,0.6872005475701575,0.6872005475701575,0.6872005475701575,False,0.0,2.0,<1y,Relocation
Apex Digital,S12129,R&D,2015-06-21,2015-06-21,,,False,False,10.992470910335387,10.992470910335387,,False,0.0,,10y+,(active)
Apex Logistics,S12131,Finance,2016-08-11,2018-01-04,,,False,False,8.451745379876797,9.850787132101301,,True,1.3990417522245038,,5-10y,(active)
Apex Manufacturing,S12134,Operations,2020-06-29,2020-06-29,,,False,False,5.968514715947981,5.968514715947981,,False,0.0,,5-10y,(active)
Apex Logistics,S12139,Customer Service,2024-01-08,2024-01-08,,,False,False,2.4421629021218343,2.4421629021218343,,False,0.0,,2-3y,(active)
Apex Retail,S12142,R&D,2020-10-20,2020-10-20,,,False,False,5.6591375770020536,5.6591375770020536,,False,0.0,,5-10y,(active)
Apex Retail,S12143,Engineering,2016-06-28,2016-06-28,,,False,False,9.971252566735114,9.971252566735114,,False,0.0,,5-10y,(active)
Apex Manufacturing,S12145,Customer Service,2024-01-05,2025-10-31,,,False,False,0.6297056810403833,2.4503764544832305,,True,1.8206707734428473,,<1y,(active)
Apex Digital,S12146,Operations,2023-03-05,2025-05-30,2026-01-21,burnt out,True,True,0.6461327857631759,2.8829568788501025,0.6461327857631759,True,2.236824093086927,1.0,<1y,Work-Life Balance
Apex Retail,S12147,Operations,2020-05-07,2023-05-08,,,False,False,3.1129363449691994,6.113620807665982,,True,3.0006844626967832,,3-5y,(active)
Apex Digital,S12148,Marketing,2019-01-12,2019-01-12,,,False,False,7.430527036276523,7.430527036276523,,False,0.0,,5-10y,(active)
Apex Retail,S12150,Operations,2024-08-25,2024-08-25,,,False,False,1.8124572210814511,1.8124572210814511,,False,0.0,,1-2y,(active)
Apex Retail,S12151,Engineering,2022-06-07,2022-06-07,,,False,False,4.030116358658453,4.030116358658453,,False,0.0,,3-5y,(active)
Apex Retail,S12152,Engineering,2017-08-26,2017-08-26,,,False,False,8.810403832991103,8.810403832991103,,False,0.0,,5-10y,(active)
Apex Manufacturing,S12154,Sales,2022-04-12,2022-04-12,,,False,False,4.183436002737851,4.183436002737851,,False,0.0,,3-5y,(active)
Apex Manufacturing,S12164,Customer Service,2025-05-17,2026-03-28,,,False,False,0.2245037645448323,1.0869267624914443,,True,0.8624229979466119,,<1y,(active)
Apex Digital,S12172,Sales,2022-10-14,2022-10-14,,,False,False,3.676933607118412,3.676933607118412,,False,0.0,,3-5y,(active)
Apex Retail,S12174,Engineering,2020-10-17,2020-10-17,,,False,False,5.66735112936345,5.66735112936345,,False,0.0,,5-10y,(active)
Apex Manufacturing,S12180,Finance,2019-05-22,2019-05-22,,,False,False,7.0746064339493495,7.0746064339493495,,False,0.0,,5-10y,(active)
Apex Manufacturing,S12181,Operations,2022-12-30,2022-12-30,,,False,False,3.46611909650924,3.46611909650924,,False,0.0,,3-5y,(active)
Apex Manufacturing,S12182,Marketing,2023-01-23,2025-01-20,2026-06-17,retiring,True,True,1.404517453798768,3.3976728268309375,1.404517453798768,True,1.9931553730321698,6.0,1-2y,Retirement
Apex Retail,S12183,R&D,2023-05-10,2023-05-10,,,False,False,3.1074606433949348,3.1074606433949348,,False,0.0,,3-5y,(active)
Apex Retail,S12184,Marketing,2021-06-23,2024-01-04,2026-04-16,compensation issues,True,True,2.2806297056810405,4.813141683778234,2.2806297056810405,True,2.532511978097194,4.0,2-3y,Compensation
Apex Manufacturing,S12185,Engineering,2019-01-30,2019-01-30,,,False,False,7.381245722108145,7.381245722108145,,False,0.0,,5-10y,(active)
Apex Manufacturing,S12190,Finance,2021-01-17,2021-01-17,,,False,False,5.415468856947296,5.415468856947296,,False,0.0,,5-10y,(active)
Apex Retail,S12194,Sales,2026-02-02,2026-02-02,,,False,False,0.3723477070499658,0.3723477070499658,,False,0.0,,<1y,(active)
Apex Manufacturing,S12195,Engineering,2022-03-19,2025-05-18,,,False,False,1.0841889117043122,4.249144421629021,,True,3.164955509924709,,1-2y,(active)
Apex Manufacturing,S12196,HR,2016-05-17,2016-05-17,,,False,False,10.08624229979466,10.08624229979466,,False,0.0,,10y+,(active)
Apex Logistics,S12197,Engineering,2019-09-03,2019-09-03,,,False,False,6.789869952087611,6.789869952087611,,False,0.0,,5-10y,(active)
Apex Manufacturing,S12201,Engineering,2014-12-05,2014-12-05,,,False,False,11.534565366187543,11.534565366187543,,False,0.0,,10y+,(active)
Apex Retail,S12202,Engineering,2024-11-22,2024-11-22,2026-01-17,offer i couldnt refuse,True,True,1.1526351813826146,1.1526351813826146,1.1526351813826146,False,0.0,1.0,1-2y,Better Opportunity
Apex Retail,S12205,R&D,2024-06-08,2024-06-08,2026-02-03,laid off,True,True,1.6563997262149213,1.6563997262149213,1.6563997262149213,False,0.0,2.0,1-2y,Involuntary/Performance
Apex Retail,S12208,Customer Service,2022-04-17,2022-04-17,,,False,False,4.16974674880219,4.16974674880219,,False,0.0,,3-5y,(active)
Apex Digital,S12211,Customer Service,2024-02-08,2024-02-08,2026-06-17,work life balance,True,True,2.3545516769336072,2.3545516769336072,2.3545516769336072,False,0.0,6.0,2-3y,Work-Life Balance
Apex Retail,S12214,R&D,2023-11-11,2026-05-04,,,False,False,0.12320328542094455,2.6009582477754964,,True,2.4777549623545516,,<1y,(active)
Apex Manufacturing,S12215,Customer Service,2024-01-12,2024-01-12,2026-01-16,no advancement opportunities,True,True,2.0123203285420943,2.0123203285420943,2.0123203285420943,False,0.0,1.0,2-3y,Career Growth
Apex Manufacturing,S12218,Operations,2024-10-24,2024-10-24,2026-06-17,accepted external offer,True,True,1.6454483230663928,1.6454483230663928,1.6454483230663928,False,0.0,6.0,1-2y,Better Opportunity
Apex Manufacturing,S12222,Customer Service,2024-12-16,2025-08-02,,,False,False,0.8761122518822724,1.5030800821355237,,True,0.6269678302532512,,<1y,(active)
Apex Manufacturing,S12224,Engineering,2017-06-02,2017-06-02,,,False,False,9.043121149897331,9.043121149897331,,False,0.0,,5-10y,(active)
Apex Logistics,S12225,Engineering,2025-06-02,2026-04-16,,,False,False,0.17248459958932238,1.0431211498973305,,True,0.8706365503080082,,<1y,(active)
Apex Logistics,S12231,Engineering,2022-05-14,2025-08-11,,,False,False,0.8514715947980835,4.095824777549623,,True,3.24435318275154,,<1y,(active)
Apex Retail,S12232,Sales,2018-04-15,2018-04-15,,,False,False,8.175222450376454,8.175222450376454,,False,0.0,,5-10y,(active)
Apex Manufacturing,S12234,Sales,2024-03-26,2024-03-26,2026-06-17,career stagnation,True,True,2.2258726899383983,2.2258726899383983,2.2258726899383983,False,0.0,6.0,2-3y,Career Growth
Apex Manufacturing,S12235,Engineering,2015-01-18,2015-01-18,,,False,False,11.41409993155373,11.41409993155373,,False,0.0,,10y+,(active)
Apex Logistics,S12237,Engineering,2024-03-10,2024-03-10,,,False,False,2.272416153319644,2.272416153319644,,False,0.0,,2-3y,(active)
Apex Retail,S12238,Finance,2019-11-29,2022-12-01,,,False,False,3.5455167693360714,6.551676933607118,,True,3.0061601642710474,,3-5y,(active)
Apex Manufacturing,S12239,Operations,2022-05-12,2025-04-10,,,False,False,1.1882272416153319,4.101300479123887,,True,2.9130732375085557,,1-2y,(active)
Apex Logistics,S12240,Customer Service,2023-07-08,2025-09-24,2026-02-02,toxic team culture,True,True,0.3586584531143053,2.5735797399041753,0.3586584531143053,True,2.21492128678987,2.0,<1y,Management/Culture
Apex Logistics,S12241,Sales,2025-02-04,2025-09-11,,,False,False,0.7665982203969883,1.3661875427789185,,True,0.5995893223819302,,<1y,(active)
Apex Retail,S12242,Engineering,2017-12-26,2017-12-26,,,False,False,8.476386036960985,8.476386036960985,,False,0.0,,5-10y,(active)
Apex Digital,S12243,Operations,2021-10-14,2023-01-06,,,False,False,3.4469541409993156,4.676249144421629,,True,1.2292950034223136,,3-5y,(active)
Apex Digital,S12244,Operations,2023-08-25,2023-08-25,,,False,False,2.8145106091718,2.8145106091718,,False,0.0,,2-3y,(active)
Apex Retail,S12245,Engineering,2024-08-20,2025-10-04,,,False,False,0.70362765229295,1.8261464750171115,,True,1.1225188227241616,,<1y,(active)
Apex Retail,S12247,Operations,2023-10-02,2023-10-02,,,False,False,2.7104722792607805,2.7104722792607805,,False,0.0,,2-3y,(active)
Apex Retail,S12250,Marketing,2025-11-14,2026-05-17,,,False,False,0.08761122518822724,0.5913757700205339,,True,0.5037645448323066,,<1y,(active)
Apex Retail,S12252,Engineering,2012-09-24,2012-09-24,,,False,False,13.730321697467488,13.730321697467488,,False,0.0,,10y+,(active)
Apex Manufacturing,S12254,Marketing,2025-03-22,2026-04-24,,,False,False,0.15058179329226556,1.2402464065708418,,True,1.0896646132785763,,<1y,(active)
Apex Logistics,S12255,HR,2019-04-02,2019-04-02,,,False,False,7.211498973305955,7.211498973305955,,False,0.0,,5-10y,(active)
Apex Manufacturing,S12257,Engineering,2020-03-08,2020-03-08,,,False,False,6.277891854893908,6.277891854893908,,False,0.0,,5-10y,(active)
Apex Manufacturing,S12258,R&D,2023-07-20,2023-07-20,,,False,False,2.9130732375085557,2.9130732375085557,,False,0.0,,2-3y,(active)
Apex Manufacturing,S12259,Operations,2024-01-25,2024-01-25,,,False,False,2.3956194387405887,2.3956194387405887,,False,0.0,,2-3y,(active)
Apex Digital,S12262,Finance,2021-07-26,2024-01-19,,,False,False,2.412046543463381,4.895277207392197,,True,2.4832306639288158,,2-3y,(active)
Apex Digital,S12264,Finance,2020-10-15,2020-10-15,,,False,False,5.672826830937714,5.672826830937714,,False,0.0,,5-10y,(active)
Apex Retail,S12268,HR,2021-05-22,2021-05-22,,,False,False,5.073237508555784,5.073237508555784,,False,0.0,,5-10y,(active)
Apex Manufacturing,S12269,Engineering,2014-01-14,2014-01-14,,,False,False,12.424366872005475,12.424366872005475,,False,0.0,,10y+,(active)
Apex Manufacturing,S12270,Customer Service,2022-12-08,2025-12-04,2026-01-17,not happy with my boss,True,True,0.12046543463381246,3.1101984941820673,0.12046543463381246,True,2.9897330595482545,1.0,<1y,Management/Culture
Apex Manufacturing,S12271,Sales,2024-05-18,2024-05-18,,,False,False,2.083504449007529,2.083504449007529,,False,0.0,,2-3y,(active)
Apex Logistics,S12272,Operations,2022-10-03,2024-12-13,2026-01-25,limited career progression,True,True,1.1170431211498972,3.3127994524298425,1.1170431211498972,True,2.195756331279945,1.0,1-2y,Career Growth
Apex Manufacturing,S12277,R&D,2017-10-26,2017-10-26,,,False,False,8.643394934976044,8.643394934976044,,False,0.0,,5-10y,(active)
Apex Manufacturing,S12278,Sales,2022-10-04,2026-04-06,,,False,False,0.1998631074606434,3.704312114989733,,True,3.5044490075290895,,<1y,(active)
Apex Retail,S12279,Finance,2020-04-20,2020-04-20,,,False,False,6.160164271047228,6.160164271047228,,False,0.0,,5-10y,(active)
Apex Manufacturing,S12281,Engineering,2018-01-27,2018-01-27,,,False,False,8.388774811772759,8.388774811772759,,False,0.0,,5-10y,(active)
Apex Logistics,S12286,R&D,2023-09-07,2023-09-07,,,False,False,2.7789185489390826,2.7789185489390826,,False,0.0,,2-3y,(active)
Apex Logistics,S12289,Operations,2014-12-16,2014-12-16,,,False,False,11.50444900752909,11.50444900752909,,False,0.0,,10y+,(active)
Apex Manufacturing,S12290,Finance,2015-09-14,2015-09-14,,,False,False,10.759753593429158,10.759753593429158,,False,0.0,,10y+,(active)
Apex Logistics,S12291,Finance,2019-05-17,2019-05-17,,,False,False,7.08829568788501,7.08829568788501,,False,0.0,,5-10y,(active)
Apex Manufacturing,S12292,HR,2020-04-17,2022-11-06,,,False,False,3.6139630390143735,6.168377823408624,,True,2.5544147843942504,,3-5y,(active)
Apex Logistics,S12293,Engineering,2023-05-16,2025-05-31,2026-01-10,reached retirement age,True,True,0.6132785763175906,2.6557152635181382,0.6132785763175906,True,2.0424366872005475,1.0,<1y,Retirement
Apex Manufacturing,S12294,R&D,2023-06-16,2025-04-28,,,False,False,1.1389459274469542,3.0061601642710474,,True,1.8672142368240932,,1-2y,(active)
Apex Manufacturing,S12297,Finance,2019-02-24,2019-02-24,,,False,False,7.312799452429843,7.312799452429843,,False,0.0,,5-10y,(active)
Apex Manufacturing,S12298,Marketing,2017-06-20,2018-08-20,,,False,False,7.827515400410678,8.993839835728952,,True,1.1663244353182751,,5-10y,(active)
Apex Retail,S12299,R&D,2022-03-12,2022-03-12,,,False,False,4.268309377138946,4.268309377138946,,False,0.0,,3-5y,(active)
Apex Manufacturing,S12301,Operations,2024-11-12,2024-11-12,,,False,False,1.596167008898015,1.596167008898015,,False,0.0,,1-2y,(active)
Apex Logistics,S12308,Engineering,2024-03-10,2024-03-10,,,False,False,2.272416153319644,2.272416153319644,,False,0.0,,2-3y,(active)
Apex Manufacturing,S12312,Sales,2022-01-28,2025-12-08,,,False,False,0.5256673511293635,4.386036960985626,,True,3.8603696098562628,,<1y,(active)
Apex Manufacturing,S12321,Operations,2022-08-05,2022-08-05,,,False,False,3.868583162217659,3.868583162217659,,False,0.0,,3-5y,(active)
Apex Retail,S12323,Marketing,2020-05-06,2020-05-06,,,False,False,6.116358658453114,6.116358658453114,,False,0.0,,5-10y,(active)
Apex Manufacturing,S12326,Finance,2023-03-14,2024-12-01,,,False,False,1.5441478439425051,3.263518138261465,,True,1.7193702943189597,,1-2y,(active)
Apex Logistics,S12328,Finance,2017-10-16,2017-10-16,,,False,False,8.670773442847365,8.670773442847365,,False,0.0,,5-10y,(active)
Apex Digital,S12330,Finance,2018-07-09,2021-05-30,,,False,False,5.0513347022587265,7.942505133470226,,True,2.891170431211499,,5-10y,(active)
Apex Retail,S12336,Sales,2025-10-16,2025-10-16,2026-06-17,,True,True,0.6680355920602327,0.6680355920602327,0.6680355920602327,False,0.0,6.0,<1y,Unknown
Apex Manufacturing,S12339,Finance,2019-07-25,2019-07-25,,,False,False,6.899383983572895,6.899383983572895,,False,0.0,,5-10y,(active)
Apex Manufacturing,S12340,Operations,2017-07-29,2017-07-29,,,False,False,8.8870636550308,8.8870636550308,,False,0.0,,5-10y,(active)
Apex Manufacturing,S12341,Engineering,2017-12-05,2017-12-05,,,False,False,8.53388090349076,8.53388090349076,,False,0.0,,5-10y,(active)
Apex Logistics,S12343,Engineering,2024-05-07,2024-05-07,,,False,False,2.113620807665982,2.113620807665982,,False,0.0,,2-3y,(active)
Apex Logistics,S12344,Customer Service,2024-02-29,2024-02-29,2026-05-30,reached retirement age,True,True,2.2477754962354553,2.2477754962354553,2.2477754962354553,False,0.0,5.0,2-3y,Retirement
Apex Manufacturing,S12345,Marketing,2024-03-23,2024-03-23,,,False,False,2.236824093086927,2.236824093086927,,False,0.0,,2-3y,(active)
Apex Logistics,S12348,Customer Service,2018-10-15,2022-01-29,,,False,False,4.383299110198494,7.67419575633128,,True,3.2908966461327855,,3-5y,(active)
Apex Manufacturing,S12349,Marketing,2022-08-08,2022-08-08,2026-06-17,lack of promotion,True,True,3.8576317590691307,3.8576317590691307,3.8576317590691307,False,0.0,6.0,3-5y,Career Growth
Apex Retail,S12350,Engineering,2014-12-14,2017-07-17,,,False,False,8.919917864476385,11.509924709103354,,True,2.5900068446269677,,5-10y,(active)
Apex Manufacturing,S12351,Finance,2020-11-27,2020-11-27,,,False,False,5.555099247091033,5.555099247091033,,False,0.0,,5-10y,(active)
Apex Manufacturing,S12352,HR,2023-05-15,2023-05-15,,,False,False,3.0937713894592744,3.0937713894592744,,False,0.0,,3-5y,(active)
Apex Manufacturing,S12353,Engineering,2021-11-14,2021-11-14,,,False,False,4.591375770020534,4.591375770020534,,False,0.0,,3-5y,(active)
Apex Logistics,S12355,Sales,2023-12-10,2024-08-15,2026-06-17,work life balance,True,True,1.83709787816564,2.518822724161533,1.83709787816564,True,0.6817248459958932,6.0,1-2y,Work-Life Balance
Apex Manufacturing,S12356,Operations,2017-03-19,2019-03-29,,,False,False,7.222450376454483,9.248459958932239,,True,2.026009582477755,,5-10y,(active)
Apex Logistics,S12359,Engineering,2017-09-14,2017-09-14,,,False,False,8.758384668035593,8.758384668035593,,False,0.0,,5-10y,(active)
Apex Manufacturing,S12363,Engineering,2021-05-05,2021-05-05,,,False,False,5.119780971937029,5.119780971937029,,False,0.0,,5-10y,(active)
Apex Logistics,S12366,Engineering,2013-01-25,2014-10-23,,,False,False,11.652292950034223,13.39356605065024,,True,1.7412731006160165,,10y+,(active)
Apex Manufacturing,S12367,Sales,2025-09-03,2025-09-03,2026-06-17,stress and long hours,True,True,0.785763175906913,0.785763175906913,0.785763175906913,False,0.0,6.0,<1y,Work-Life Balance
Apex Manufacturing,S12375,Operations,2019-03-19,2019-03-19,,,False,False,7.2498288843258045,7.2498288843258045,,False,0.0,,5-10y,(active)
Apex Retail,S12379,Finance,2022-01-29,2022-01-29,,,False,False,4.383299110198494,4.383299110198494,,False,0.0,,3-5y,(active)
Apex Manufacturing,S12382,Engineering,2020-10-20,2020-10-20,,,False,False,5.6591375770020536,5.6591375770020536,,False,0.0,,5-10y,(active)
Apex Retail,S12384,Operations,2025-09-09,2026-04-04,,,False,False,0.2053388090349076,0.7720739219712526,,True,0.5667351129363449,,<1y,(active)
Apex Logistics,S12386,Engineering,2023-02-20,2026-01-03,2026-01-27,retiring,True,True,0.06570841889117043,2.9349760438056127,0.06570841889117043,True,2.869267624914442,1.0,<1y,Retirement
Apex Manufacturing,S12389,Operations,2022-01-25,2025-12-17,2026-06-17,bad manager,True,True,0.49828884325804246,4.39151266255989,0.49828884325804246,True,3.893223819301848,6.0,<1y,Management/Culture
Apex Retail,S12391,Sales,2025-03-17,2025-03-17,2026-06-17,personal reasons,True,True,1.2511978097193703,1.2511978097193703,1.2511978097193703,False,0.0,6.0,1-2y,Personal/Health
Apex Logistics,S12392,Sales,2022-06-17,2025-01-02,2026-06-17,wanted more challenge,True,True,1.4537987679671458,4.0,1.4537987679671458,True,2.546201232032854,6.0,1-2y,Career Growth
Apex Digital,S12395,Engineering,2014-03-28,2014-03-28,,,False,False,12.224503764544833,12.224503764544833,,False,0.0,,10y+,(active)
Apex Manufacturing,S12396,R&D,2019-11-21,2022-04-10,,,False,False,4.188911704312115,6.573579739904175,,True,2.3846680355920604,,3-5y,(active)
Apex Manufacturing,S12398,Customer Service,2023-03-20,2024-04-29,2026-06-17,accepted external offer,True,True,2.132785763175907,3.24435318275154,2.132785763175907,True,1.111567419575633,6.0,2-3y,Better Opportunity
Apex Logistics,S12399,Engineering,2023-12-31,2023-12-31,,,False,False,2.4640657084188913,2.4640657084188913,,False,0.0,,2-3y,(active)
Apex Retail,S12401,Finance,2025-06-24,2025-12-23,,,False,False,0.48459958932238195,0.9828884325804244,,True,0.49828884325804246,,<1y,(active)
Apex Manufacturing,S12402,HR,2022-11-10,2026-02-16,2026-06-17,got a better offer elsewhere,True,True,0.33127994524298426,3.600273785078713,0.33127994524298426,True,3.268993839835729,6.0,<1y,Better Opportunity
Apex Manufacturing,S12403,Marketing,2024-06-24,2024-06-24,2026-03-13,WANTED HIGHER SALARY,True,True,1.7166324435318274,1.7166324435318274,1.7166324435318274,False,0.0,3.0,1-2y,Compensation
Apex Logistics,S12404,Customer Service,2021-06-16,2025-02-24,,,False,False,1.3114305270362765,5.004791238877481,,True,3.693360711841205,,1-2y,(active)
Apex Manufacturing,S12411,HR,2015-08-31,2015-08-31,,,False,False,10.798083504449007,10.798083504449007,,False,0.0,,10y+,(active)
Apex Manufacturing,S12413,Sales,2024-11-16,2024-11-16,,,False,False,1.5852156057494866,1.5852156057494866,,False,0.0,,1-2y,(active)
Apex Retail,S12424,Engineering,2014-08-18,2014-08-18,,,False,False,11.832991101984941,11.832991101984941,,False,0.0,,10y+,(active)
Apex Logistics,S12426,Engineering,2023-01-10,2025-11-07,2026-01-12,offer i couldnt refuse,True,True,0.1806981519507187,3.0061601642710474,0.1806981519507187,True,2.8254620123203287,1.0,<1y,Better Opportunity
Apex Retail,S12428,Customer Service,2023-01-01,2023-01-01,,,False,False,3.460643394934976,3.460643394934976,,False,0.0,,3-5y,(active)
Apex Manufacturing,S12430,Operations,2021-11-20,2021-11-20,,,False,False,4.574948665297741,4.574948665297741,,False,0.0,,3-5y,(active)
Apex Logistics,S12433,R&D,2021-11-12,2021-11-12,,,False,False,4.596851471594798,4.596851471594798,,False,0.0,,3-5y,(active)
Apex Digital,S12434,Operations,2021-07-30,2024-12-06,2026-01-14,Found a better opportunity,True,True,1.106091718001369,4.459958932238193,1.106091718001369,True,3.353867214236824,1.0,1-2y,Better Opportunity
Apex Logistics,S12436,Engineering,2022-12-23,2022-12-23,,,False,False,3.485284052019165,3.485284052019165,,False,0.0,,3-5y,(active)
Apex Manufacturing,S12437,Sales,2021-01-07,2021-01-07,,,False,False,5.4428473648186175,5.4428473648186175,,False,0.0,,5-10y,(active)
Apex Logistics,S12439,Operations,2020-11-12,2020-11-12,,,False,False,5.596167008898015,5.596167008898015,,False,0.0,,5-10y,(active)
Apex Logistics,S12440,Operations,2017-02-18,2020-11-30,,,False,False,5.546885694729637,9.32785763175907,,True,3.780971937029432,,5-10y,(active)
Apex Digital,S12442,Operations,2023-11-11,2023-11-11,,,False,False,2.6009582477754964,2.6009582477754964,,False,0.0,,2-3y,(active)
Apex Manufacturing,S12449,R&D,2023-06-14,2023-06-14,,,False,False,3.0116358658453115,3.0116358658453115,,False,0.0,,3-5y,(active)
Apex Manufacturing,S12453,Finance,2022-12-01,2022-12-01,,,False,False,3.5455167693360714,3.5455167693360714,,False,0.0,,3-5y,(active)
Apex Retail,S12454,Engineering,2017-05-01,2017-05-01,,,False,False,9.130732375085557,9.130732375085557,,False,0.0,,5-10y,(active)
Apex Logistics,S12455,HR,2019-12-19,2019-12-19,,,False,False,6.496919917864476,6.496919917864476,,False,0.0,,5-10y,(active)
Apex Manufacturing,S12462,HR,2021-03-17,2024-02-08,,,False,False,2.3572895277207393,5.253935660506502,,True,2.8966461327857633,,2-3y,(active)
Apex Manufacturing,S12463,Finance,2022-11-01,2026-01-29,2026-06-17,,True,True,0.3805612594113621,3.6249144421629023,0.3805612594113621,True,3.24435318275154,6.0,<1y,Unknown
Apex Logistics,S12464,HR,2018-01-26,2018-01-26,,,False,False,8.39151266255989,8.39151266255989,,False,0.0,,5-10y,(active)
Apex Manufacturing,S12467,Marketing,2017-05-03,2018-07-07,,,False,False,7.94798083504449,9.125256673511293,,True,1.1772758384668036,,5-10y,(active)
Apex Retail,S12469,Operations,2023-07-27,2023-07-27,,,False,False,2.8939082819986313,2.8939082819986313,,False,0.0,,2-3y,(active)
Apex Manufacturing,S12473,Engineering,2016-08-09,2017-06-24,,,False,False,8.982888432580424,9.856262833675565,,True,0.8733744010951403,,5-10y,(active)
Apex Manufacturing,S12474,Operations,2023-07-29,2025-09-12,2026-01-23,salary not competitive,True,True,0.36413415468856947,2.48870636550308,0.36413415468856947,True,2.1245722108145104,1.0,<1y,Compensation
Apex Digital,S12477,Sales,2021-01-15,2021-01-15,,,False,False,5.420944558521561,5.420944558521561,,False,0.0,,5-10y,(active)
Apex Logistics,S12478,Operations,2021-12-25,2024-10-29,2026-02-18,terminated for performance,True,True,1.3059548254620124,4.1505817932922655,1.3059548254620124,True,2.844626967830253,2.0,1-2y,Involuntary/Performance
Apex Retail,S12480,Engineering,2015-09-12,2016-03-26,,,False,False,10.22861054072553,10.765229295003422,,True,0.5366187542778919,,10y+,(active)
Apex Retail,S12481,Customer Service,2022-03-26,2022-03-26,,,False,False,4.229979466119096,4.229979466119096,,False,0.0,,3-5y,(active)
Apex Logistics,S12484,HR,2012-02-16,2012-02-16,,,False,False,14.335386721423683,14.335386721423683,,False,0.0,,10y+,(active)
Apex Retail,S12486,Marketing,2020-08-27,2020-08-27,,,False,False,5.806981519507187,5.806981519507187,,False,0.0,,5-10y,(active)
Apex Digital,S12487,R&D,2016-10-14,2018-10-23,,,False,False,7.652292950034223,9.675564681724847,,True,2.023271731690623,,5-10y,(active)
Apex Manufacturing,S12488,Sales,2021-03-23,2024-04-11,2026-06-17,no advancement opportunities,True,True,2.1820670773442847,5.234770704996578,2.1820670773442847,True,3.052703627652293,6.0,2-3y,Career Growth
Apex Manufacturing,S12491,Operations,2021-11-03,2021-11-03,,,False,False,4.621492128678987,4.621492128678987,,False,0.0,,3-5y,(active)
Apex Retail,S12497,Operations,2021-08-30,2021-08-30,,,False,False,4.799452429842574,4.799452429842574,,False,0.0,,3-5y,(active)
Apex Digital,S12500,Operations,2022-02-07,2025-03-29,2026-01-14,no growth path here,True,True,0.7967145790554415,3.9342915811088295,0.7967145790554415,True,3.137577002053388,1.0,<1y,Career Growth
Apex Digital,S12501,HR,2025-10-13,2025-10-13,,,False,False,0.6789869952087612,0.6789869952087612,,False,0.0,,<1y,(active)
Apex Logistics,S12502,Marketing,2020-10-13,2020-10-13,,,False,False,5.678302532511978,5.678302532511978,,False,0.0,,5-10y,(active)
Apex Digital,S12503,Engineering,2016-06-25,2016-06-25,,,False,False,9.979466119096509,9.979466119096509,,False,0.0,,5-10y,(active)
Apex Manufacturing,S12505,R&D,2022-07-29,2022-07-29,,,False,False,3.887748117727584,3.887748117727584,,False,0.0,,3-5y,(active)
Apex Logistics,S12506,Engineering,2024-01-29,2024-01-29,,,False,False,2.3846680355920604,2.3846680355920604,,False,0.0,,2-3y,(active)
Apex Logistics,S12512,Finance,2018-12-08,2022-08-28,,,False,False,3.805612594113621,7.526351813826146,,True,3.7207392197125255,,3-5y,(active)
Apex Logistics,S12513,Finance,2014-01-22,2014-10-27,,,False,False,11.641341546885695,12.402464065708418,,True,0.7611225188227242,,10y+,(active)
Apex Retail,S12517,Marketing,2023-07-12,2023-07-12,,,False,False,2.9349760438056127,2.9349760438056127,,False,0.0,,2-3y,(active)
Apex Logistics,S12520,Sales,2024-12-13,2026-04-19,,,False,False,0.16427104722792607,1.51129363449692,,True,1.3470225872689938,,<1y,(active)
Apex Manufacturing,S12521,R&D,2022-05-01,2022-05-01,,,False,False,4.131416837782341,4.131416837782341,,False,0.0,,3-5y,(active)
Apex Logistics,S12522,Customer Service,2016-10-05,2016-10-05,,,False,False,9.700205338809035,9.700205338809035,,False,0.0,,5-10y,(active)
Apex Manufacturing,S12524,Customer Service,2023-01-06,2023-01-06,2026-02-21,lack of promotion,True,True,3.1266255989048597,3.1266255989048597,3.1266255989048597,False,0.0,2.0,3-5y,Career Growth
Apex Manufacturing,S12526,Operations,2023-07-25,2023-07-25,,,False,False,2.8993839835728954,2.8993839835728954,,False,0.0,,2-3y,(active)
Apex Digital,S12527,Finance,2021-05-27,2021-05-27,,,False,False,5.059548254620124,5.059548254620124,,False,0.0,,5-10y,(active)
Apex Retail,S12528,Engineering,2020-06-01,2020-06-01,,,False,False,6.04517453798768,6.04517453798768,,False,0.0,,5-10y,(active)
Apex Manufacturing,S12533,Engineering,2020-09-16,2020-09-16,,,False,False,5.752224503764545,5.752224503764545,,False,0.0,,5-10y,(active)
Apex Logistics,S12535,Operations,2022-12-02,2022-12-02,2026-06-08,position eliminated,True,True,3.515400410677618,3.515400410677618,3.515400410677618,False,0.0,6.0,3-5y,Involuntary/Performance
Apex Manufacturing,S12539,Operations,2023-01-21,2023-01-21,2026-01-27,underpaid for the work,True,True,3.0171115674195756,3.0171115674195756,3.0171115674195756,False,0.0,1.0,3-5y,Compensation
Apex Retail,S12541,Engineering,2017-12-29,2017-12-29,,,False,False,8.46817248459959,8.46817248459959,,False,0.0,,5-10y,(active)
Apex Manufacturing,S12542,R&D,2023-06-30,2023-06-30,,,False,False,2.967830253251198,2.967830253251198,,False,0.0,,2-3y,(active)
Apex Logistics,S12544,Operations,2023-04-02,2023-04-02,,,False,False,3.2114989733059547,3.2114989733059547,,False,0.0,,3-5y,(active)
Apex Digital,S12545,Operations,2021-03-26,2021-03-26,,,False,False,5.229295003422314,5.229295003422314,,False,0.0,,5-10y,(active)
Apex Logistics,S12549,Customer Service,2024-07-06,2024-07-06,2026-06-17,salary not competitive,True,True,1.946611909650924,1.946611909650924,1.946611909650924,False,0.0,6.0,1-2y,Compensation
Apex Logistics,S12551,Operations,2022-06-05,2024-12-02,,,False,False,1.541409993155373,4.035592060232717,,True,2.4941820670773445,,1-2y,(active)
Apex Digital,S12553,Operations,2024-10-23,2024-10-23,,,False,False,1.6509240246406571,1.6509240246406571,,False,0.0,,1-2y,(active)
Apex Logistics,S12556,Operations,2026-03-28,2026-03-28,,,False,False,0.2245037645448323,0.2245037645448323,,False,0.0,,<1y,(active)
Apex Digital,S12558,Marketing,2017-08-13,2018-08-22,,,False,False,7.822039698836414,8.845995893223819,,True,1.0239561943874058,,5-10y,(active)
Apex Retail,S12561,R&D,2020-04-20,2023-06-23,,,False,False,2.9869952087611225,6.160164271047228,,True,3.1731690622861053,,2-3y,(active)
Apex Logistics,S12565,Engineering,2017-07-14,2017-07-14,,,False,False,8.928131416837783,8.928131416837783,,False,0.0,,5-10y,(active)
Apex Manufacturing,S12566,Customer Service,2014-06-26,2016-01-25,,,False,False,10.395619438740589,11.978097193702943,,True,1.5824777549623545,,10y+,(active)
Apex Manufacturing,S12570,HR,2021-08-27,2023-07-10,,,False,False,2.940451745379877,4.80766598220397,,True,1.8672142368240932,,2-3y,(active)
Apex Manufacturing,S12572,Customer Service,2024-02-20,2024-02-20,2026-01-11,MOVING TO A BIGGER COMPANY,True,True,1.891854893908282,1.891854893908282,1.891854893908282,False,0.0,1.0,1-2y,Relocation
Apex Digital,S12574,Finance,2021-05-03,2021-05-03,,,False,False,5.125256673511293,5.125256673511293,,False,0.0,,5-10y,(active)
Apex Logistics,S12577,Finance,2016-03-17,2016-03-17,,,False,False,10.25325119780972,10.25325119780972,,False,0.0,,10y+,(active)
Apex Digital,S12581,Customer Service,2020-05-17,2023-03-02,,,False,False,3.29637234770705,6.0862422997946615,,True,2.7898699520876113,,3-5y,(active)
Apex Logistics,S12583,Finance,2021-12-30,2024-12-14,2026-06-17,wanted higher salary,True,True,1.5058179329226558,4.462696783025325,1.5058179329226558,True,2.9568788501026693,6.0,1-2y,Compensation
Apex Logistics,S12587,Engineering,2018-11-19,2018-11-19,,,False,False,7.578370978781656,7.578370978781656,,False,0.0,,5-10y,(active)
Apex Digital,S12588,Engineering,2024-10-12,2024-10-12,,,False,False,1.68104038329911,1.68104038329911,,False,0.0,,1-2y,(active)
Apex Retail,S12589,HR,2022-04-04,2022-04-04,,,False,False,4.205338809034908,4.205338809034908,,False,0.0,,3-5y,(active)
Apex Digital,S12591,R&D,2023-06-23,2023-06-23,,,False,False,2.9869952087611225,2.9869952087611225,,False,0.0,,2-3y,(active)
Apex Retail,S12595,Engineering,2022-03-15,2022-03-15,,,False,False,4.26009582477755,4.26009582477755,,False,0.0,,3-5y,(active)
Apex Retail,S12599,Finance,2014-04-18,2014-04-18,,,False,False,12.167008898015059,12.167008898015059,,False,0.0,,10y+,(active)
